Gene,fold,p_val,avg_log2FC,pct.1,pct.2,p_val_adj,,p < 0.05:,up,down,,,,,
Stk17b,2.480545539,1.96E-29,1.310657443,0.564,0.337,6.34E-25,,,91,580,Macrophage 24mKOvWT,,,,
Cytip,2.453717339,4.34E-21,1.294969064,0.461,0.267,1.40E-16,,,,,Gene,fold,,Gene,fold
Cd83,2.331185965,1.34E-18,1.221064096,0.339,0.141,4.34E-14,,,,,Stk17b,2.480545539,,Chpt1,-2.147982995
Pde3b,2.298127159,1.79E-16,1.200458627,0.519,0.375,5.79E-12,,,,,Cytip,2.453717339,,Lrp2,-2.149956252
Il1b,2.278303315,1.63E-15,1.187959829,0.193,0.045,5.26E-11,,,,,Cd83,2.331185965,,Fhit,-2.166000902
Tm6sf1,2.238165554,1.53E-43,1.162316754,0.788,0.573,4.93E-39,,,,,Pde3b,2.298127159,,Atxn1,-2.189252173
Pde4b,2.226328702,5.11E-18,1.154666613,0.488,0.324,1.65E-13,,,,,Il1b,2.278303315,,Gramd1b,-2.347179565
Pde7b,2.18806171,8.48E-10,1.129653427,0.502,0.386,2.74E-05,,,,,Tm6sf1,2.238165554,,Pck1,-2.354449585
Nfe2l2,2.113974546,3.71E-20,1.079958006,0.601,0.453,1.20E-15,,,,,Pde4b,2.226328702,,Slc4a4,-2.402936998
Fkbp5,2.068122511,3.62E-44,1.04832165,0.929,0.818,1.17E-39,,,,,Pde7b,2.18806171,,Gphn,-2.40539715
Jdp2,2.063324451,1.23E-16,1.044970698,0.426,0.235,3.98E-12,,,,,Nfe2l2,2.113974546,,Lars2,-2.410867995
Mrc1,2.045659771,8.26E-08,1.03256622,0.571,0.51,0.002665931,,,,,Fkbp5,2.068122511,,Esrrg,-2.481925504
Cd86,2.039143986,1.66E-20,1.027963649,0.698,0.575,5.35E-16,,,,,Jdp2,2.063324451,,Nox4,-2.493013237
Man2a1,2.035151401,1.57E-20,1.025136125,0.72,0.639,5.08E-16,,,,,Mrc1,2.045659771,,Gm26917,-2.521919609
Trim25,2.027080235,3.72E-14,1.019403194,0.359,0.208,1.20E-09,,,,,Cd86,2.039143986,,AY036118,-2.550932185
Entpd1,1.973820607,1.13E-14,0.980990875,0.593,0.471,3.63E-10,,,,,Man2a1,2.035151401,,Pkhd1,-2.552335655
Litaf,1.930238717,3.06E-15,0.94877928,0.459,0.29,9.88E-11,,,,,Trim25,2.027080235,,Magi2,-2.561571936
Got1,1.896730351,3.54E-14,0.923514593,0.234,0.086,1.14E-09,,,,,Entpd1,1.973820607,,Gm42418,-2.572517764
Stard13,1.896144712,7.95E-08,0.923069073,0.355,0.249,0.002565419,,,,,Litaf,1.930238717,,Gk,-2.715794876
Btbd1,1.878479231,8.60E-12,0.909565165,0.511,0.406,2.77E-07,,,,,Got1,1.896730351,,Neat1,-2.722987118
Runx3,1.875962541,2.83E-12,0.907631021,0.338,0.184,9.15E-08,,,,,Stard13,1.896144712,,Cdk8,-2.732877177
Ms4a4a,1.8717497,2.20E-08,0.904387524,0.18,0.076,0.000711212,,,,,Btbd1,1.878479231,,Cmss1,-2.90459186
Ucp2,1.86748809,5.54E-18,0.901099042,0.463,0.263,1.79E-13,,,,,Runx3,1.875962541,,Pde4d,-3.155112981
4933406I18Rik,1.85064352,2.54E-10,0.888027023,0.314,0.182,8.18E-06,,,,,Ms4a4a,1.8717497,,Ptprd,-3.191567116
E230029C05Rik,1.828464582,2.58E-11,0.870632681,0.501,0.367,8.34E-07,,,,,Ucp2,1.86748809,,Ghr,-3.209008456
Hgsnat,1.82003181,4.02E-08,0.863963665,0.209,0.11,0.001296715,,,,,4933406I18Rik,1.85064352,,Slc5a12,-3.251885315
Rassf2,1.802170084,3.23E-14,0.849735175,0.529,0.4,1.04E-09,,,,,E230029C05Rik,1.828464582,,Fut9,-4.351652417
Rnf169,1.800640956,4.29E-22,0.84851054,0.829,0.767,1.38E-17,,,,,,,,,
Btg2,1.797907469,5.71E-13,0.846318773,0.297,0.141,1.84E-08,,,,,,,,,
Creb5,1.771903107,3.65E-14,0.825299715,0.636,0.51,1.18E-09,,,,,,,,,
Hivep2,1.767721329,4.43E-14,0.82189086,0.716,0.624,1.43E-09,,,,,,,,,
Fxyd2,1.743207585,6.24E-11,0.801744379,0.127,0.024,2.01E-06,,,,,,,,,
Cyth1,1.740179563,5.98E-07,0.799236181,0.472,0.42,0.019293586,,,,,,,,,
Plxna4,1.738832361,2.53E-08,0.79811885,0.376,0.261,0.000815925,,,,,,,,,
Arhgap22,1.729680909,6.41E-22,0.790505914,0.806,0.678,2.07E-17,,,,,,,,,
Cttnbp2nl,1.72909781,1.07E-14,0.79001948,0.641,0.531,3.45E-10,,,,,,,,,
Tsc22d3,1.717614261,8.32E-08,0.780406075,0.416,0.322,0.002682898,,,,,,,,,
Ncf2,1.709720429,8.77E-10,0.773760437,0.451,0.349,2.83E-05,,,,,,,,,
Rgs1,1.69353112,7.53E-09,0.760034498,0.159,0.057,0.000242856,,,,,,,,,
Ugcg,1.691693867,5.85E-08,0.758468518,0.355,0.261,0.001887134,,,,,,,,,
Slco2b1,1.689432531,3.32E-09,0.756538736,0.418,0.294,0.000106977,,,,,,,,,
Rin2,1.674906476,8.00E-08,0.74408054,0.46,0.363,0.002582696,,,,,,,,,
Neurl3,1.666438408,1.17E-07,0.736767996,0.438,0.357,0.003779387,,,,,,,,,
Sh3pxd2b,1.664564524,1.68E-13,0.735144795,0.591,0.455,5.42E-09,,,,,,,,,
Rassf3,1.641571552,5.36E-07,0.715077635,0.401,0.325,0.017292188,,,,,,,,,
Zbtb16,1.630038999,5.19E-09,0.704906482,0.696,0.612,0.000167536,,,,,,,,,
Ms4a6d,1.622645146,1.48E-07,0.698347533,0.307,0.2,0.0047785,,,,,,,,,
Inpp5d,1.612628594,2.36E-30,0.689414208,0.954,0.943,7.62E-26,,,,,,,,,
Gm35154,1.607809923,1.26E-06,0.68509686,0.435,0.355,0.040772838,,,,,,,,,
Abhd15,1.604440573,3.75E-07,0.682070355,0.238,0.137,0.012083895,,,,,,,,,
Tanc2,1.604122065,5.96E-12,0.681783927,0.785,0.745,1.92E-07,,,,,,,,,
Snap23,1.601392573,3.37E-09,0.67932702,0.51,0.42,0.000108634,,,,,,,,,
Synj1,1.599093194,2.87E-14,0.677254021,0.74,0.676,9.26E-10,,,,,,,,,
Dleu2,1.595372298,8.71E-23,0.673893133,0.942,0.931,2.81E-18,,,,,,,,,
Dennd4a,1.586657648,3.07E-07,0.665990872,0.496,0.42,0.009894384,,,,,,,,,
Lyn,1.582239756,7.36E-22,0.661968228,0.95,0.955,2.37E-17,,,,,,,,,
Mef2c,1.569702576,8.68E-08,0.650491226,0.644,0.62,0.002800773,,,,,,,,,
Pag1,1.56376813,2.13E-08,0.645026611,0.554,0.484,0.000685994,,,,,,,,,
Ms4a14,1.561432307,1.91E-07,0.642870025,0.168,0.075,0.006146456,,,,,,,,,
Elmsan1,1.5591418,5.67E-07,0.640752143,0.41,0.312,0.018299461,,,,,,,,,
Ssh2,1.549433673,8.03E-15,0.631740998,0.887,0.867,2.59E-10,,,,,,,,,
Gng2,1.530555918,1.54E-11,0.614055754,0.681,0.622,4.98E-07,,,,,,,,,
Fosl2,1.522709325,3.24E-11,0.606640568,0.131,0.025,1.05E-06,,,,,,,,,
Myom1,1.506370345,2.63E-08,0.591076504,0.129,0.039,0.000849312,,,,,,,,,
Gm22146,1.506269382,2.63E-08,0.590979805,0.234,0.12,0.00084923,,,,,,,,,
Ext1,1.503170571,5.66E-07,0.588008727,0.853,0.859,0.018277305,,,,,,,,,
Gns,1.502155643,2.45E-08,0.587034303,0.595,0.539,0.000791664,,,,,,,,,
Serinc3,1.499807376,1.93E-12,0.584777224,0.81,0.816,6.24E-08,,,,,,,,,
Per1,1.495830692,4.54E-09,0.580946891,0.234,0.116,0.000146334,,,,,,,,,
Fos,1.495096269,1.70E-10,0.580238382,0.108,0.016,5.48E-06,,,,,,,,,
Heatr5a,1.488581649,6.81E-07,0.573938356,0.521,0.465,0.02198636,,,,,,,,,
Man1c1,1.487881517,1.45E-06,0.573259646,0.533,0.473,0.046818067,,,,,,,,,
Zfhx3,1.482258213,9.10E-14,0.56779679,0.817,0.771,2.94E-09,,,,,,,,,
Runx1,1.473250086,3.42E-12,0.55900235,0.838,0.802,1.10E-07,,,,,,,,,
Ets2,1.468080682,1.30E-06,0.553931258,0.127,0.051,0.042091828,,,,,,,,,
H2-Eb1,1.464119799,8.28E-09,0.550033604,0.72,0.735,0.000267228,,,,,,,,,
Ccnd3,1.463338654,1.54E-14,0.549263685,0.922,0.904,4.98E-10,,,,,,,,,
Abr,1.445168607,3.68E-07,0.531237821,0.682,0.631,0.011873512,,,,,,,,,
Picalm,1.432654821,1.19E-10,0.518691054,0.894,0.916,3.85E-06,,,,,,,,,
Wnk1,1.429289492,5.44E-12,0.515298153,0.92,0.929,1.76E-07,,,,,,,,,
Frmd4b,1.397254331,6.70E-07,0.482594647,0.902,0.888,0.021627518,,,,,,,,,
Cox8a,1.381245983,1.19E-10,0.465970269,0.16,0.045,3.83E-06,,,,,,,,,
Pid1,1.37327917,1.52E-10,0.457624937,0.954,0.908,4.92E-06,,,,,,,,,
Slc9a9,1.3363673,6.80E-08,0.418316587,0.831,0.825,0.002192509,,,,,,,,,
Ptprj,1.321307453,1.53E-07,0.401966204,0.911,0.896,0.004937949,,,,,,,,,
Gnaq,1.3194163,6.73E-12,0.399899834,0.93,0.957,2.17E-07,,,,,,,,,
Egr1,1.316716401,1.67E-10,0.396944646,0.127,0.025,5.39E-06,,,,,,,,,
Hint1,1.302818876,9.35E-07,0.381636527,0.127,0.047,0.030151213,,,,,,,,,
Nr4a1,1.301801697,1.28E-06,0.3805097,0.124,0.045,0.041375086,,,,,,,,,
Gab2,1.291524312,1.59E-07,0.369074802,0.93,0.937,0.005125516,,,,,,,,,
Slc8a1,1.27351442,4.02E-07,0.348815295,0.925,0.943,0.012964252,,,,,,,,,
Acot9,-1.189435876,1.49E-06,-0.250277496,0.099,0.192,0.047966318,,,,,,,,,
Dync2h1,-1.189493546,3.02E-11,-0.250347444,0.053,0.161,9.74E-07,,,,,,,,,
Msra,-1.190264519,7.93E-11,-0.251282228,0.245,0.427,2.56E-06,,,,,,,,,
Agpat3,-1.190326391,3.59E-07,-0.251357218,0.113,0.216,0.011570965,,,,,,,,,
Vim,-1.19068716,3.56E-10,-0.251794411,0.087,0.212,1.15E-05,,,,,,,,,
Ubc,-1.190997779,6.69E-14,-0.252170722,0.095,0.249,2.16E-09,,,,,,,,,
Actn4,-1.191341478,1.19E-06,-0.252586996,0.167,0.278,0.038271312,,,,,,,,,
Prex2,-1.191654874,2.72E-13,-0.252966464,0.045,0.161,8.76E-09,,,,,,,,,
Slc5a3,-1.192247019,1.07E-07,-0.253683175,0.133,0.249,0.003441461,,,,,,,,,
Enpp6,-1.192617675,7.42E-20,-0.254131624,0.011,0.125,2.39E-15,,,,,,,,,
Pkib,-1.192866865,4.04E-07,-0.254433034,0.198,0.341,0.013050443,,,,,,,,,
Pkd2,-1.192937942,1.35E-10,-0.254518994,0.097,0.227,4.35E-06,,,,,,,,,
Abcg2,-1.193926305,3.25E-10,-0.255713789,0.156,0.306,1.05E-05,,,,,,,,,
Cdc42bpa,-1.194603202,4.56E-16,-0.256531494,0.061,0.21,1.47E-11,,,,,,,,,
Usp19,-1.194982749,1.10E-08,-0.256989791,0.056,0.147,0.00035489,,,,,,,,,
Hibadh,-1.195295784,8.19E-10,-0.257367668,0.255,0.437,2.64E-05,,,,,,,,,
Chuk,-1.196093231,9.56E-09,-0.258329846,0.198,0.341,0.000308374,,,,,,,,,
Mbnl1,-1.196519631,2.47E-09,-0.258844067,0.902,0.976,7.97E-05,,,,,,,,,
Ankrd13c,-1.197368009,1.51E-08,-0.259866631,0.214,0.367,0.000487482,,,,,,,,,
Mar-02,-1.197459483,9.68E-10,-0.259976842,0.136,0.271,3.12E-05,,,,,,,,,
Fmo5,-1.197595687,9.86E-22,-0.260140931,0,0.1,3.18E-17,,,,,,,,,
Hnrnpu,-1.197712327,1.65E-07,-0.260281436,0.479,0.655,0.005311279,,,,,,,,,
Nbea,-1.197933851,2.32E-15,-0.260548246,0.05,0.186,7.48E-11,,,,,,,,,
Kdm4c,-1.198067923,3.15E-07,-0.260709702,0.313,0.473,0.010154398,,,,,,,,,
Sdc2,-1.19837832,4.95E-17,-0.261083429,0.014,0.116,1.60E-12,,,,,,,,,
Pfn1,-1.198694227,2.47E-10,-0.261463691,0.086,0.212,7.97E-06,,,,,,,,,
Mfn1,-1.198834043,2.75E-10,-0.261631958,0.066,0.175,8.87E-06,,,,,,,,,
Dbt,-1.199010581,1.81E-08,-0.261844391,0.046,0.129,0.000583045,,,,,,,,,
Tmem117,-1.199918984,8.11E-17,-0.262937002,0.009,0.104,2.62E-12,,,,,,,,,
Mar-06,-1.200020252,6.01E-08,-0.263058754,0.224,0.375,0.001938322,,,,,,,,,
Zmym2,-1.200191424,2.40E-08,-0.263264526,0.303,0.465,0.000773683,,,,,,,,,
Dstn,-1.200221446,1.37E-07,-0.263300614,0.174,0.296,0.004422177,,,,,,,,,
Selenot,-1.200552176,1.21E-10,-0.263698104,0.122,0.263,3.89E-06,,,,,,,,,
Fbxl7,-1.200675348,2.27E-09,-0.263846112,0.056,0.151,7.31E-05,,,,,,,,,
Abhd17c,-1.200859585,7.74E-19,-0.264067469,0.016,0.131,2.50E-14,,,,,,,,,
Acot13,-1.20115825,3.12E-09,-0.264426236,0.068,0.169,0.000100678,,,,,,,,,
Steap2,-1.201414474,1.30E-24,-0.264733949,0,0.114,4.21E-20,,,,,,,,,
Ptbp2,-1.201476656,1.61E-07,-0.264808618,0.264,0.425,0.005199364,,,,,,,,,
Atg2b,-1.201767378,1.02E-07,-0.265157665,0.061,0.145,0.003300183,,,,,,,,,
Wdr7,-1.202840717,6.28E-08,-0.26644561,0.241,0.394,0.002026322,,,,,,,,,
Aim2,-1.203203908,5.26E-07,-0.266881158,0.325,0.504,0.01697144,,,,,,,,,
Ppp2r3a,-1.203256654,9.14E-14,-0.266944401,0.119,0.28,2.95E-09,,,,,,,,,
Jchain,-1.203826303,2.00E-12,-0.267627244,0.024,0.116,6.47E-08,,,,,,,,,
Stam,-1.203849853,1.40E-06,-0.267655466,0.112,0.21,0.045120767,,,,,,,,,
Mia2,-1.204397149,7.69E-08,-0.268311198,0.45,0.625,0.002481547,,,,,,,,,
Acyp2,-1.204487016,5.14E-12,-0.268418842,0.085,0.218,1.66E-07,,,,,,,,,
Gm36975,-1.205274217,8.30E-07,-0.269361418,0.035,0.1,0.026778701,,,,,,,,,
B3gnt2,-1.205687321,3.48E-07,-0.269855812,0.147,0.263,0.011230483,,,,,,,,,
Vps37a,-1.205804894,9.22E-09,-0.26999649,0.141,0.278,0.00029753,,,,,,,,,
Slc33a1,-1.205890973,1.18E-07,-0.270099476,0.124,0.237,0.003811334,,,,,,,,,
1810013L24Rik,-1.206227606,1.19E-06,-0.270502158,0.212,0.333,0.038349471,,,,,,,,,
Slc25a30,-1.207014024,3.39E-19,-0.271442439,0.011,0.122,1.09E-14,,,,,,,,,
Uhrf1bp1l,-1.207014296,5.52E-09,-0.271442763,0.205,0.351,0.000178121,,,,,,,,,
Slc16a9,-1.207104153,4.24E-27,-0.271550162,0,0.125,1.37E-22,,,,,,,,,
H2-K1,-1.207203823,9.21E-08,-0.271669279,0.504,0.72,0.002970824,,,,,,,,,
Oxct1,-1.207414236,1.89E-09,-0.271920717,0.363,0.557,6.11E-05,,,,,,,,,
Mgp,-1.20826593,8.45E-12,-0.272938016,0.05,0.159,2.73E-07,,,,,,,,,
Huwe1,-1.20844183,7.52E-08,-0.273148028,0.528,0.7,0.002427083,,,,,,,,,
Rb1,-1.208955143,2.86E-07,-0.273760716,0.472,0.669,0.009231556,,,,,,,,,
Tmem229a,-1.209016532,1.07E-10,-0.273833972,0.055,0.161,3.45E-06,,,,,,,,,
Slco3a1,-1.209368929,9.07E-09,-0.274254419,0.311,0.482,0.000292754,,,,,,,,,
Smc6,-1.209757398,3.85E-07,-0.274717761,0.218,0.359,0.012430045,,,,,,,,,
Themis2,-1.209843204,8.23E-07,-0.274820086,0.199,0.337,0.026542188,,,,,,,,,
Cdc42ep3,-1.209918616,3.35E-07,-0.274910009,0.044,0.118,0.010814891,,,,,,,,,
Igfbp3,-1.210052936,3.46E-11,-0.275070162,0.045,0.147,1.12E-06,,,,,,,,,
Parp8,-1.2106071,3.71E-08,-0.275730718,0.675,0.839,0.001196552,,,,,,,,,
Cers2,-1.210607604,1.02E-13,-0.275731318,0.035,0.143,3.29E-09,,,,,,,,,
Heg1,-1.211051707,1.05E-06,-0.276260463,0.104,0.202,0.033860581,,,,,,,,,
Rab24,-1.211161978,1.23E-15,-0.276391821,0.026,0.137,3.96E-11,,,,,,,,,
Snapc3,-1.211453945,1.53E-06,-0.27673956,0.26,0.4,0.04928218,,,,,,,,,
Thoc7,-1.211948217,5.33E-08,-0.277328058,0.116,0.227,0.001719928,,,,,,,,,
Wls,-1.212304737,4.53E-07,-0.277752395,0.337,0.486,0.014623707,,,,,,,,,
Yes1,-1.212356966,1.54E-11,-0.277814548,0.038,0.137,4.96E-07,,,,,,,,,
Arhgap29,-1.212422896,1.79E-15,-0.277893002,0.024,0.131,5.77E-11,,,,,,,,,
Ptprc,-1.212547958,3.32E-08,-0.278041809,0.908,0.975,0.001071435,,,,,,,,,
2010315B03Rik,-1.21355231,1.27E-06,-0.279236297,0.104,0.2,0.041128954,,,,,,,,,
Btla,-1.213984465,5.36E-07,-0.279749959,0.127,0.239,0.017283202,,,,,,,,,
Tmem176b,-1.214129817,1.54E-07,-0.279922685,0.223,0.363,0.004966465,,,,,,,,,
H2-Q6,-1.21422799,2.43E-11,-0.280039335,0.098,0.241,7.84E-07,,,,,,,,,
Cd52,-1.214281588,6.32E-19,-0.280103017,0.106,0.316,2.04E-14,,,,,,,,,
Tmem64,-1.214399228,7.40E-08,-0.280242778,0.073,0.167,0.002386222,,,,,,,,,
Ssbp2,-1.214735533,1.23E-09,-0.280642251,0.129,0.263,3.98E-05,,,,,,,,,
Mep1a,-1.215501653,6.72E-17,-0.281551855,0.079,0.243,2.17E-12,,,,,,,,,
Gpm6a,-1.215503886,2.52E-26,-0.281554506,0.001,0.125,8.13E-22,,,,,,,,,
Sipa1l3,-1.215660822,9.59E-07,-0.281740763,0.289,0.443,0.030956214,,,,,,,,,
Atf7ip,-1.215679654,1.26E-06,-0.281763112,0.369,0.529,0.04079272,,,,,,,,,
Veph1,-1.21610389,8.24E-18,-0.282266482,0.008,0.106,2.66E-13,,,,,,,,,
Sdhc,-1.216190395,2.81E-07,-0.282369101,0.13,0.237,0.009081227,,,,,,,,,
Usp6nl,-1.21681405,1.03E-08,-0.283108717,0.177,0.322,0.000333806,,,,,,,,,
Ankrd28,-1.217621714,7.10E-14,-0.284065992,0.056,0.186,2.29E-09,,,,,,,,,
Dach1,-1.217749363,1.60E-22,-0.284217229,0.104,0.324,5.16E-18,,,,,,,,,
Arid2,-1.218189262,5.68E-08,-0.284738293,0.316,0.482,0.001831246,,,,,,,,,
Akr1c21,-1.218365825,2.93E-09,-0.28494738,0.183,0.329,9.44E-05,,,,,,,,,
Mki67,-1.21837242,5.87E-07,-0.28495519,0.038,0.108,0.018933504,,,,,,,,,
Psmb1,-1.219868879,1.46E-07,-0.286726084,0.119,0.225,0.00471698,,,,,,,,,
Nfat5,-1.220079653,1.02E-07,-0.286975337,0.463,0.616,0.003283534,,,,,,,,,
Pts,-1.220332991,7.75E-07,-0.287274869,0.097,0.192,0.025004521,,,,,,,,,
Dcaf1,-1.220561693,2.32E-08,-0.287545218,0.044,0.125,0.000749694,,,,,,,,,
Igfbp7,-1.220668639,9.34E-16,-0.287671622,0.19,0.406,3.01E-11,,,,,,,,,
Pcm1,-1.221006552,4.61E-09,-0.288070942,0.358,0.551,0.000148732,,,,,,,,,
Pttg1ip,-1.22119514,1.13E-15,-0.288293753,0.042,0.169,3.64E-11,,,,,,,,,
Csgalnact1,-1.221233772,3.95E-18,-0.288339391,0.018,0.133,1.27E-13,,,,,,,,,
Abcg3,-1.221301618,9.18E-08,-0.288419539,0.151,0.284,0.002962675,,,,,,,,,
Erc1,-1.221428706,4.27E-10,-0.288569657,0.085,0.202,1.38E-05,,,,,,,,,
Ppp2r5e,-1.221742913,2.18E-09,-0.288940736,0.356,0.547,7.04E-05,,,,,,,,,
Igfbp5,-1.222269504,3.66E-12,-0.289562427,0.078,0.204,1.18E-07,,,,,,,,,
Arhgef3,-1.222723693,1.49E-09,-0.290098425,0.273,0.439,4.82E-05,,,,,,,,,
Firre,-1.223429508,5.97E-18,-0.290930978,0.023,0.143,1.93E-13,,,,,,,,,
Slc25a25,-1.223599849,3.66E-20,-0.291131834,0.063,0.239,1.18E-15,,,,,,,,,
Rpl22l1,-1.223610697,1.42E-11,-0.291144624,0.055,0.167,4.57E-07,,,,,,,,,
Pdcd6,-1.223619222,2.56E-07,-0.291154675,0.054,0.131,0.008260928,,,,,,,,,
Stk39,-1.223718937,8.46E-10,-0.291272239,0.084,0.198,2.73E-05,,,,,,,,,
Fign,-1.223723652,7.52E-19,-0.291277797,0.017,0.135,2.43E-14,,,,,,,,,
Afdn,-1.22384241,7.63E-08,-0.291417799,0.26,0.416,0.00246097,,,,,,,,,
Tanc1,-1.224586658,9.22E-14,-0.29229487,0.085,0.233,2.98E-09,,,,,,,,,
Orc4,-1.224589477,3.62E-09,-0.292298191,0.169,0.312,0.000116884,,,,,,,,,
Dnase1l3,-1.225190287,7.05E-07,-0.293005835,0.064,0.149,0.022758503,,,,,,,,,
Cspp1,-1.225193883,1.16E-07,-0.293010069,0.289,0.441,0.00374911,,,,,,,,,
Elf1,-1.225333592,5.86E-07,-0.293174571,0.506,0.675,0.018894164,,,,,,,,,
Prnp,-1.225671604,5.89E-17,-0.293572487,0.015,0.118,1.90E-12,,,,,,,,,
Slc20a2,-1.22591324,1.50E-08,-0.29385688,0.11,0.225,0.000484545,,,,,,,,,
Gcnt2,-1.226206682,5.82E-10,-0.294202171,0.029,0.112,1.88E-05,,,,,,,,,
C1galt1,-1.226655341,2.38E-10,-0.294729945,0.079,0.198,7.69E-06,,,,,,,,,
Lmo4,-1.227580133,9.77E-09,-0.295817203,0.086,0.192,0.000315308,,,,,,,,,
Cdc37l1,-1.227864031,1.80E-11,-0.296150811,0.199,0.373,5.80E-07,,,,,,,,,
Pdpr,-1.227974707,5.43E-07,-0.296280845,0.104,0.202,0.017511904,,,,,,,,,
Ccdc141,-1.228023342,3.77E-22,-0.296337983,0.025,0.171,1.22E-17,,,,,,,,,
Zc3h12d,-1.228209212,7.23E-08,-0.296556329,0.098,0.21,0.002333645,,,,,,,,,
Lmo7,-1.228393222,3.73E-20,-0.296772457,0.002,0.1,1.20E-15,,,,,,,,,
Ak2,-1.229055004,7.35E-07,-0.297549482,0.118,0.216,0.023698107,,,,,,,,,
Krit1,-1.229370232,3.30E-08,-0.297919457,0.269,0.437,0.001063585,,,,,,,,,
Lama2,-1.229612411,4.22E-14,-0.298203632,0.02,0.116,1.36E-09,,,,,,,,,
4833439L19Rik,-1.229813853,7.36E-15,-0.298439963,0.046,0.173,2.38E-10,,,,,,,,,
Mcur1,-1.230065742,5.57E-11,-0.298735424,0.086,0.21,1.80E-06,,,,,,,,,
Grina,-1.230112971,3.63E-16,-0.298790816,0.051,0.19,1.17E-11,,,,,,,,,
Sep-11,-1.230307377,5.40E-08,-0.2990188,0.114,0.225,0.001742294,,,,,,,,,
Rps3a1,-1.23038391,1.79E-07,-0.299108542,0.246,0.376,0.005790124,,,,,,,,,
Pspc1,-1.230726798,1.13E-06,-0.299510542,0.228,0.361,0.036449613,,,,,,,,,
Smg7,-1.230743985,1.81E-07,-0.299530688,0.273,0.422,0.00583994,,,,,,,,,
Cyb5b,-1.230807373,7.44E-11,-0.299604991,0.176,0.341,2.40E-06,,,,,,,,,
Fhl1,-1.231041504,7.23E-31,-0.299879403,0,0.143,2.33E-26,,,,,,,,,
Kantr,-1.231750067,2.54E-08,-0.30070955,0.059,0.147,0.00081868,,,,,,,,,
Ankrd17,-1.231769402,1.44E-09,-0.300732196,0.584,0.773,4.65E-05,,,,,,,,,
Ppp1r16b,-1.231947672,1.09E-22,-0.300940978,0.024,0.171,3.51E-18,,,,,,,,,
Tesk2,-1.23228803,1.30E-08,-0.301339506,0.064,0.157,0.000419455,,,,,,,,,
Shb,-1.23244432,8.55E-08,-0.301522469,0.104,0.208,0.002757085,,,,,,,,,
Fuca1,-1.232489242,9.78E-07,-0.301575053,0.234,0.376,0.031538336,,,,,,,,,
Cd36,-1.233688899,1.13E-06,-0.302978634,0.219,0.351,0.036616832,,,,,,,,,
Jarid2,-1.234167104,7.78E-13,-0.303537746,0.453,0.676,2.51E-08,,,,,,,,,
Tusc3,-1.234282708,2.70E-08,-0.303672876,0.093,0.2,0.000871847,,,,,,,,,
Cldn2,-1.234864472,3.86E-12,-0.304352713,0.041,0.143,1.25E-07,,,,,,,,,
Lcp2,-1.235008503,2.45E-07,-0.304520975,0.341,0.512,0.007907586,,,,,,,,,
Pbx1,-1.23501238,1.09E-12,-0.304525503,0.407,0.645,3.52E-08,,,,,,,,,
Map7,-1.235127173,8.05E-29,-0.304659594,0.002,0.141,2.60E-24,,,,,,,,,
Zfp945,-1.235964282,6.36E-07,-0.305637051,0.08,0.171,0.020517051,,,,,,,,,
Slc39a14,-1.236640346,9.39E-18,-0.30642598,0.017,0.127,3.03E-13,,,,,,,,,
Fbxo9,-1.236906181,7.42E-12,-0.306736077,0.052,0.161,2.39E-07,,,,,,,,,
Slc7a12,-1.237137688,3.22E-14,-0.307006074,0.025,0.125,1.04E-09,,,,,,,,,
Znrf2,-1.237706013,9.38E-08,-0.307668678,0.333,0.518,0.003027389,,,,,,,,,
Gm37245,-1.237771352,1.19E-30,-0.307744837,0.005,0.157,3.84E-26,,,,,,,,,
Rps6,-1.23847245,2.90E-11,-0.308561776,0.193,0.371,9.36E-07,,,,,,,,,
Sacm1l,-1.238579595,4.33E-09,-0.308686583,0.168,0.302,0.000139732,,,,,,,,,
Ebf1,-1.238961363,1.62E-07,-0.309131198,0.101,0.206,0.005211191,,,,,,,,,
Cobl,-1.239303139,2.34E-23,-0.309529121,0.01,0.139,7.56E-19,,,,,,,,,
Hnrnpul2,-1.23993814,3.28E-09,-0.310268147,0.16,0.294,0.000105784,,,,,,,,,
Zbtb46,-1.240755481,3.13E-07,-0.311218828,0.166,0.29,0.010112479,,,,,,,,,
Lsp1,-1.240800718,3.74E-07,-0.311271427,0.136,0.255,0.012064704,,,,,,,,,
Rps28,-1.240996406,1.18E-11,-0.311498938,0.253,0.453,3.80E-07,,,,,,,,,
Sf1,-1.241349015,5.20E-09,-0.311908797,0.162,0.296,0.000167639,,,,,,,,,
Sephs2,-1.242491889,1.81E-21,-0.313236433,0.01,0.129,5.83E-17,,,,,,,,,
Cltrn,-1.243168081,4.83E-08,-0.314021367,0.327,0.49,0.001557149,,,,,,,,,
Prpf38b,-1.243369258,2.53E-07,-0.314254814,0.383,0.541,0.008156234,,,,,,,,,
Sord,-1.243608722,6.38E-20,-0.31453264,0.005,0.106,2.06E-15,,,,,,,,,
Mpp5,-1.243733235,2.79E-13,-0.314677079,0.128,0.288,9.00E-09,,,,,,,,,
Ankib1,-1.243768166,4.59E-10,-0.314717597,0.332,0.52,1.48E-05,,,,,,,,,
Ezr,-1.244919789,1.51E-18,-0.316052791,0.098,0.284,4.88E-14,,,,,,,,,
Uty,-1.245995058,1.33E-06,-0.317298346,0.383,0.531,0.042999158,,,,,,,,,
Pum2,-1.246527395,1.43E-09,-0.317914589,0.447,0.657,4.61E-05,,,,,,,,,
Tmem135,-1.246604834,4.12E-10,-0.318004212,0.372,0.565,1.33E-05,,,,,,,,,
Pkn2,-1.246699049,3.31E-09,-0.318113243,0.374,0.575,0.000106825,,,,,,,,,
Etnk1,-1.246954727,6.36E-09,-0.318409087,0.313,0.475,0.000205071,,,,,,,,,
Atad3a,-1.247725319,7.50E-21,-0.319300367,0.018,0.145,2.42E-16,,,,,,,,,
Dtnb,-1.247966043,4.59E-11,-0.31957868,0.114,0.251,1.48E-06,,,,,,,,,
Kdm6a,-1.249243309,7.58E-07,-0.321054491,0.341,0.494,0.024444892,,,,,,,,,
Pclo,-1.250464034,4.41E-19,-0.322463563,0.023,0.147,1.42E-14,,,,,,,,,
Dmxl1,-1.25163915,7.47E-10,-0.32381869,0.524,0.731,2.41E-05,,,,,,,,,
Pcdh17,-1.251970982,4.46E-18,-0.324201124,0.025,0.149,1.44E-13,,,,,,,,,
Uri1,-1.252024797,1.81E-09,-0.324263136,0.186,0.339,5.84E-05,,,,,,,,,
Morf4l2,-1.252291437,3.53E-07,-0.324570349,0.072,0.157,0.011404977,,,,,,,,,
Evi5,-1.252317848,1.51E-09,-0.324600775,0.255,0.42,4.88E-05,,,,,,,,,
Gm42047,-1.252714585,1.82E-11,-0.325057752,0.053,0.161,5.88E-07,,,,,,,,,
Ap3m1,-1.253084547,8.28E-07,-0.325483758,0.094,0.182,0.026710068,,,,,,,,,
Cyfip2,-1.253166253,3.04E-11,-0.325577824,0.181,0.349,9.82E-07,,,,,,,,,
Kap,-1.253540632,1.37E-09,-0.32600876,0.435,0.625,4.43E-05,,,,,,,,,
Hykk,-1.254083516,1.48E-32,-0.326633428,0,0.151,4.77E-28,,,,,,,,,
Kidins220,-1.254900612,9.39E-09,-0.327573107,0.412,0.588,0.000302849,,,,,,,,,
Sod1,-1.255941365,5.80E-11,-0.328769112,0.146,0.3,1.87E-06,,,,,,,,,
Rsrp1,-1.256343036,1.35E-09,-0.329230436,0.647,0.829,4.36E-05,,,,,,,,,
Sptbn1,-1.256713747,5.57E-14,-0.329656072,0.28,0.502,1.80E-09,,,,,,,,,
Cryl1,-1.257489643,1.25E-12,-0.330546517,0.147,0.316,4.03E-08,,,,,,,,,
Arhgef12,-1.257568486,2.28E-08,-0.33063697,0.38,0.545,0.000736012,,,,,,,,,
Pgap1,-1.25831399,5.63E-07,-0.331491966,0.145,0.259,0.018166436,,,,,,,,,
Cdk17,-1.258391382,3.97E-09,-0.331580696,0.215,0.382,0.000128096,,,,,,,,,
Rpl35,-1.2584196,1.19E-12,-0.331613046,0.071,0.202,3.84E-08,,,,,,,,,
Mtor,-1.259116304,2.05E-14,-0.332411551,0.089,0.243,6.62E-10,,,,,,,,,
Col4a5,-1.259651059,8.88E-21,-0.333024143,0.006,0.114,2.87E-16,,,,,,,,,
Nme7,-1.259888512,4.96E-15,-0.333296075,0.121,0.292,1.60E-10,,,,,,,,,
Ubr3,-1.260087888,4.37E-07,-0.333524362,0.429,0.586,0.014083396,,,,,,,,,
Clec4b1,-1.26087786,4.15E-08,-0.334428531,0.077,0.178,0.001337779,,,,,,,,,
Zc3h12c,-1.260884715,7.14E-07,-0.334436373,0.137,0.245,0.023043317,,,,,,,,,
Luc7l,-1.260966942,3.64E-07,-0.334530454,0.172,0.294,0.011739018,,,,,,,,,
Gbp4,-1.261516497,1.17E-10,-0.335159073,0.038,0.133,3.77E-06,,,,,,,,,
Susd3,-1.263594406,9.12E-11,-0.337533455,0.087,0.208,2.94E-06,,,,,,,,,
Odc1,-1.263607088,3.10E-21,-0.337547935,0.049,0.212,1.00E-16,,,,,,,,,
Rab3ip,-1.264014569,5.23E-19,-0.338013092,0.05,0.204,1.69E-14,,,,,,,,,
Ggnbp2,-1.264199549,1.96E-07,-0.338224205,0.392,0.543,0.006315516,,,,,,,,,
Rras2,-1.264291349,1.30E-08,-0.338328963,0.087,0.19,0.000418855,,,,,,,,,
Sema5a,-1.26462187,7.57E-19,-0.338706074,0.021,0.145,2.44E-14,,,,,,,,,
Atp5l,-1.264786167,6.55E-16,-0.338893494,0.146,0.343,2.11E-11,,,,,,,,,
Ero1lb,-1.265036756,2.01E-07,-0.339179303,0.176,0.312,0.00649887,,,,,,,,,
Tcerg1,-1.265092831,1.29E-08,-0.339243252,0.242,0.398,0.000417522,,,,,,,,,
Slc15a4,-1.265333262,1.67E-08,-0.33951741,0.078,0.18,0.000538991,,,,,,,,,
Gatm,-1.265798216,6.66E-11,-0.340047439,0.189,0.355,2.15E-06,,,,,,,,,
Ndufs1,-1.265891289,4.58E-10,-0.340153515,0.137,0.271,1.48E-05,,,,,,,,,
Pikfyve,-1.265996817,3.16E-09,-0.340273777,0.235,0.396,0.000101863,,,,,,,,,
Cyp4b1,-1.266875817,2.46E-21,-0.341275114,0.001,0.102,7.94E-17,,,,,,,,,
Rhobtb1,-1.267034309,4.55E-29,-0.34145559,0.005,0.149,1.47E-24,,,,,,,,,
Osbpl6,-1.267424721,1.23E-26,-0.341900061,0.001,0.127,3.98E-22,,,,,,,,,
Magi1,-1.267831358,3.74E-15,-0.342362856,0.011,0.102,1.21E-10,,,,,,,,,
Wsb1,-1.268266673,1.62E-08,-0.342858127,0.236,0.384,0.000521352,,,,,,,,,
Kat6a,-1.268526049,5.73E-10,-0.343153145,0.367,0.576,1.85E-05,,,,,,,,,
Cdc73,-1.269023634,3.50E-09,-0.343718937,0.219,0.375,0.00011302,,,,,,,,,
Pigr,-1.269310808,1.22E-12,-0.344045376,0.075,0.204,3.95E-08,,,,,,,,,
Trpc1,-1.269491544,8.41E-28,-0.344250785,0.015,0.173,2.71E-23,,,,,,,,,
Cubn,-1.269565126,2.19E-23,-0.344334405,0.01,0.139,7.08E-19,,,,,,,,,
Arhgdib,-1.27042489,1.29E-14,-0.345311083,0.13,0.322,4.18E-10,,,,,,,,,
Top2b,-1.27062176,1.23E-08,-0.345534631,0.253,0.416,0.000397498,,,,,,,,,
Tmpo,-1.272667122,4.63E-09,-0.347855118,0.19,0.345,0.000149364,,,,,,,,,
Hps5,-1.272701252,4.20E-09,-0.347893807,0.225,0.376,0.000135593,,,,,,,,,
Stxbp4,-1.273336422,5.65E-18,-0.348613637,0.031,0.159,1.82E-13,,,,,,,,,
Ola1,-1.273621137,3.96E-09,-0.348936184,0.147,0.284,0.000127892,,,,,,,,,
Pcca,-1.27388898,3.62E-11,-0.349239552,0.279,0.471,1.17E-06,,,,,,,,,
Rnf138,-1.274987713,8.11E-12,-0.350483344,0.09,0.227,2.62E-07,,,,,,,,,
Ppp3cb,-1.275492231,6.60E-07,-0.351054111,0.228,0.359,0.021308724,,,,,,,,,
Aff3,-1.275538438,1.85E-14,-0.351106375,0.099,0.269,5.97E-10,,,,,,,,,
Arpp19,-1.275595951,4.11E-13,-0.351171424,0.099,0.243,1.33E-08,,,,,,,,,
Cd180,-1.275887819,3.43E-08,-0.351501487,0.263,0.427,0.001105145,,,,,,,,,
Srr,-1.276380828,4.62E-18,-0.352058844,0.069,0.231,1.49E-13,,,,,,,,,
Gng12,-1.276616401,3.91E-13,-0.352325088,0.234,0.425,1.26E-08,,,,,,,,,
Rplp0,-1.277248021,9.82E-10,-0.3530387,0.199,0.353,3.17E-05,,,,,,,,,
Ktn1,-1.277470342,1.98E-07,-0.353289797,0.364,0.527,0.006402434,,,,,,,,,
Dusp11,-1.27757522,4.07E-10,-0.353408235,0.19,0.341,1.31E-05,,,,,,,,,
Slit2,-1.278179743,9.06E-28,-0.354090729,0.018,0.18,2.92E-23,,,,,,,,,
Abcd3,-1.278279982,3.84E-24,-0.354203865,0.044,0.224,1.24E-19,,,,,,,,,
Ikzf3,-1.279131946,9.40E-13,-0.35516509,0.031,0.131,3.03E-08,,,,,,,,,
Slc25a36,-1.279845379,6.23E-10,-0.355969526,0.251,0.412,2.01E-05,,,,,,,,,
Osbpl3,-1.280235254,1.36E-10,-0.356408942,0.295,0.478,4.40E-06,,,,,,,,,
Eif4g2,-1.28042317,1.33E-16,-0.356620688,0.256,0.494,4.30E-12,,,,,,,,,
Pphln1,-1.280775931,3.87E-07,-0.357018101,0.136,0.245,0.012472116,,,,,,,,,
Herc3,-1.280922984,7.70E-15,-0.357183736,0.09,0.247,2.48E-10,,,,,,,,,
Fam214a,-1.281246483,5.01E-09,-0.357548044,0.284,0.467,0.000161667,,,,,,,,,
Angpt1,-1.281418376,3.20E-26,-0.357741584,0.006,0.139,1.03E-21,,,,,,,,,
Trp53bp2,-1.281467133,1.68E-14,-0.357796477,0.07,0.206,5.41E-10,,,,,,,,,
Hnrnpa1,-1.282103516,2.02E-10,-0.358512749,0.116,0.251,6.52E-06,,,,,,,,,
Tspan33,-1.282492823,2.12E-09,-0.358950752,0.108,0.233,6.84E-05,,,,,,,,,
Ddx17,-1.283676573,1.78E-10,-0.360281757,0.513,0.704,5.76E-06,,,,,,,,,
Ugt3a2,-1.284602067,3.34E-25,-0.361321523,0.032,0.202,1.08E-20,,,,,,,,,
Bcl11b,-1.285124618,1.38E-24,-0.361908263,0.003,0.125,4.46E-20,,,,,,,,,
Prkaa2,-1.286641887,2.52E-29,-0.363610562,0.014,0.176,8.13E-25,,,,,,,,,
Yme1l1,-1.286927677,1.73E-09,-0.363930979,0.22,0.382,5.59E-05,,,,,,,,,
Sec11a,-1.287812769,7.97E-15,-0.36492286,0.078,0.225,2.57E-10,,,,,,,,,
Acy3,-1.288277971,5.99E-15,-0.365443916,0.031,0.143,1.93E-10,,,,,,,,,
Oip5os1,-1.288394905,4.27E-12,-0.36557486,0.177,0.351,1.38E-07,,,,,,,,,
Ccser2,-1.288537954,5.68E-11,-0.365735032,0.136,0.282,1.83E-06,,,,,,,,,
Dexi,-1.289772797,2.12E-08,-0.367116947,0.198,0.351,0.000682566,,,,,,,,,
Card11,-1.289891794,1.93E-08,-0.367250046,0.273,0.443,0.000621133,,,,,,,,,
Idh1,-1.290578292,3.49E-13,-0.368017664,0.134,0.3,1.13E-08,,,,,,,,,
Tra2b,-1.2920511,1.63E-10,-0.369663129,0.332,0.516,5.26E-06,,,,,,,,,
Galnt11,-1.292388758,5.98E-15,-0.370040106,0.104,0.271,1.93E-10,,,,,,,,,
Kansl1l,-1.29250894,6.13E-13,-0.370174259,0.365,0.584,1.98E-08,,,,,,,,,
St6galnac3,-1.292994189,1.19E-10,-0.370715791,0.04,0.135,3.85E-06,,,,,,,,,
Rpl13,-1.293312498,1.58E-08,-0.37107091,0.215,0.363,0.000509203,,,,,,,,,
Scarb1,-1.293455058,3.18E-07,-0.371229928,0.089,0.186,0.010250243,,,,,,,,,
Pde7a,-1.294234754,1.32E-10,-0.372099323,0.263,0.449,4.25E-06,,,,,,,,,
Ezh2,-1.294424638,5.87E-09,-0.372310973,0.11,0.231,0.000189319,,,,,,,,,
Tinag,-1.294534202,9.20E-27,-0.372433083,0.011,0.159,2.97E-22,,,,,,,,,
Tnik,-1.295063345,1.56E-08,-0.373022666,0.05,0.137,0.000502548,,,,,,,,,
Magi3,-1.295120596,1.01E-10,-0.373086442,0.081,0.198,3.25E-06,,,,,,,,,
Swap70,-1.295365699,5.20E-07,-0.373359448,0.268,0.416,0.016771163,,,,,,,,,
Il15ra,-1.295541296,1.29E-06,-0.373555003,0.167,0.288,0.041480339,,,,,,,,,
Kmo,-1.295644551,1.34E-07,-0.373669982,0.158,0.275,0.004333929,,,,,,,,,
Spata5,-1.29574164,9.48E-10,-0.373778085,0.246,0.416,3.06E-05,,,,,,,,,
Pias2,-1.29583465,1.09E-10,-0.37388164,0.276,0.459,3.51E-06,,,,,,,,,
St5,-1.29651515,9.92E-20,-0.374639064,0.012,0.127,3.20E-15,,,,,,,,,
Nectin3,-1.298265539,1.02E-32,-0.376585494,0.008,0.176,3.30E-28,,,,,,,,,
Cgnl1,-1.299079422,4.25E-30,-0.377489636,0.035,0.233,1.37E-25,,,,,,,,,
Cflar,-1.299929629,4.15E-09,-0.378433526,0.373,0.553,0.00013392,,,,,,,,,
Rps27,-1.300563149,3.48E-08,-0.379136451,0.193,0.324,0.001122762,,,,,,,,,
Naaladl2,-1.30080377,4.91E-21,-0.379403344,0.026,0.167,1.58E-16,,,,,,,,,
Pkm,-1.301396362,8.17E-12,-0.380060426,0.092,0.224,2.64E-07,,,,,,,,,
Phyhipl,-1.30259556,1.16E-22,-0.381389215,0.003,0.116,3.75E-18,,,,,,,,,
Usp24,-1.303169406,7.01E-13,-0.38202464,0.293,0.506,2.26E-08,,,,,,,,,
Hsd11b1,-1.304327717,9.78E-16,-0.383306397,0.034,0.153,3.16E-11,,,,,,,,,
Ldlrad3,-1.306278543,3.97E-11,-0.385462561,0.115,0.257,1.28E-06,,,,,,,,,
Cpeb4,-1.306585588,3.88E-12,-0.385801632,0.253,0.437,1.25E-07,,,,,,,,,
Il7r,-1.307052703,5.71E-18,-0.386317315,0.067,0.233,1.84E-13,,,,,,,,,
Hmgcs1,-1.307095078,1.14E-12,-0.386364087,0.079,0.212,3.69E-08,,,,,,,,,
Fam169b,-1.307304243,7.22E-27,-0.386594932,0.009,0.153,2.33E-22,,,,,,,,,
Susd6,-1.308371785,2.15E-09,-0.387772553,0.58,0.771,6.94E-05,,,,,,,,,
Adamts6,-1.308794714,4.89E-12,-0.388238827,0.104,0.245,1.58E-07,,,,,,,,,
Arid5b,-1.309338841,6.28E-10,-0.388838497,0.539,0.722,2.03E-05,,,,,,,,,
R3hdm1,-1.309417794,1.71E-09,-0.388925489,0.347,0.525,5.51E-05,,,,,,,,,
Usp12,-1.310236781,2.22E-09,-0.389827554,0.293,0.471,7.15E-05,,,,,,,,,
Lgr4,-1.31087796,5.54E-29,-0.39053338,0.017,0.184,1.79E-24,,,,,,,,,
H2-D1,-1.312079153,8.45E-12,-0.391854755,0.312,0.539,2.73E-07,,,,,,,,,
Ppargc1a,-1.31212719,1.39E-38,-0.391907573,0.01,0.212,4.49E-34,,,,,,,,,
Gbp2,-1.31235854,2.67E-13,-0.392161922,0.021,0.116,8.63E-09,,,,,,,,,
Ube2g1,-1.312643836,1.13E-09,-0.392475518,0.246,0.406,3.64E-05,,,,,,,,,
Plscr2,-1.312713558,3.70E-16,-0.392552145,0.131,0.314,1.19E-11,,,,,,,,,
Cers6,-1.313010196,6.20E-09,-0.39287812,0.414,0.608,0.000199882,,,,,,,,,
Ubb,-1.313065642,1.68E-17,-0.392939041,0.136,0.331,5.42E-13,,,,,,,,,
Bbs9,-1.314283189,5.83E-07,-0.394276167,0.209,0.339,0.018800705,,,,,,,,,
Car2,-1.314498682,3.08E-19,-0.394512695,0.068,0.237,9.94E-15,,,,,,,,,
Kng2,-1.315003855,3.03E-34,-0.395067029,0.001,0.163,9.77E-30,,,,,,,,,
Nxf1,-1.319934031,1.36E-09,-0.400465827,0.112,0.231,4.39E-05,,,,,,,,,
Klf12,-1.320753794,2.76E-21,-0.401361554,0.044,0.208,8.90E-17,,,,,,,,,
Uggt1,-1.321411286,6.03E-09,-0.402079571,0.211,0.367,0.000194494,,,,,,,,,
Nus1,-1.321679827,1.27E-13,-0.402372731,0.155,0.329,4.10E-09,,,,,,,,,
Ptprg,-1.322303159,5.49E-13,-0.403052975,0.061,0.186,1.77E-08,,,,,,,,,
Met,-1.323188161,4.55E-19,-0.404018231,0.046,0.2,1.47E-14,,,,,,,,,
L3mbtl3,-1.326443657,1.99E-11,-0.407563395,0.087,0.214,6.41E-07,,,,,,,,,
Nod1,-1.328190816,1.20E-09,-0.409462428,0.075,0.186,3.87E-05,,,,,,,,,
Rpl30,-1.328225373,8.67E-07,-0.409499964,0.172,0.278,0.027972183,,,,,,,,,
Macrod2,-1.328253693,4.67E-22,-0.409530724,0.045,0.214,1.51E-17,,,,,,,,,
Stxbp6,-1.328979877,1.83E-16,-0.41031926,0.044,0.176,5.91E-12,,,,,,,,,
Otud7b,-1.329423327,1.29E-18,-0.410800573,0.032,0.165,4.16E-14,,,,,,,,,
Tpt1,-1.330280814,5.58E-08,-0.411730821,0.4,0.545,0.001800565,,,,,,,,,
Lmtk2,-1.33034248,2.72E-11,-0.411797698,0.14,0.284,8.77E-07,,,,,,,,,
Gm35188,-1.330967907,1.67E-17,-0.412475785,0.046,0.188,5.38E-13,,,,,,,,,
Slmap,-1.331260142,1.25E-12,-0.412792517,0.344,0.561,4.04E-08,,,,,,,,,
Gnb4,-1.331424318,5.47E-07,-0.412970424,0.086,0.176,0.017634762,,,,,,,,,
Lpp,-1.333364768,6.98E-08,-0.415071511,0.539,0.696,0.002253189,,,,,,,,,
Mecom,-1.333407982,5.82E-25,-0.415118269,0.011,0.151,1.88E-20,,,,,,,,,
Rps7,-1.333720598,6.79E-08,-0.415456467,0.223,0.349,0.002192183,,,,,,,,,
Ripor2,-1.334244335,1.81E-16,-0.416022886,0.069,0.225,5.83E-12,,,,,,,,,
Arap2,-1.334270937,5.44E-14,-0.41605165,0.081,0.227,1.75E-09,,,,,,,,,
Traf1,-1.334522681,1.26E-09,-0.416323826,0.112,0.243,4.05E-05,,,,,,,,,
Kl,-1.334678322,3.86E-23,-0.416492072,0.027,0.178,1.25E-18,,,,,,,,,
Slc35f3,-1.335754484,1.18E-20,-0.41765486,0.003,0.106,3.81E-16,,,,,,,,,
Cd226,-1.336840934,1.63E-10,-0.418827814,0.078,0.2,5.26E-06,,,,,,,,,
Egfr,-1.337880377,4.82E-32,-0.419949127,0.017,0.2,1.56E-27,,,,,,,,,
Chchd3,-1.339061015,2.99E-09,-0.421221699,0.379,0.549,9.63E-05,,,,,,,,,
Nfib,-1.340816661,8.81E-28,-0.423111981,0.028,0.208,2.84E-23,,,,,,,,,
Ddx3y,-1.340821579,4.39E-11,-0.423117273,0.199,0.363,1.42E-06,,,,,,,,,
Faf1,-1.341692663,1.10E-10,-0.424054236,0.392,0.573,3.55E-06,,,,,,,,,
Arhgap42,-1.342262532,5.18E-42,-0.424666875,0,0.194,1.67E-37,,,,,,,,,
Srsf2,-1.343420223,1.92E-09,-0.425910652,0.112,0.233,6.20E-05,,,,,,,,,
Slc22a5,-1.347052017,2.76E-35,-0.429805562,0.007,0.186,8.91E-31,,,,,,,,,
Nckap1,-1.347336426,6.15E-24,-0.430110132,0.038,0.204,1.98E-19,,,,,,,,,
Ciita,-1.348127292,6.28E-11,-0.430956725,0.501,0.694,2.03E-06,,,,,,,,,
Klf9,-1.348244549,2.00E-20,-0.431082201,0.087,0.275,6.46E-16,,,,,,,,,
BC035044,-1.348488493,2.22E-07,-0.431343211,0.111,0.218,0.00716476,,,,,,,,,
Vrk2,-1.348750123,2.63E-08,-0.431623092,0.455,0.639,0.000847409,,,,,,,,,
Epb41l5,-1.351675668,2.48E-40,-0.434749021,0.005,0.202,7.99E-36,,,,,,,,,
Fchsd2,-1.35219052,5.42E-08,-0.435298437,0.42,0.596,0.00174908,,,,,,,,,
Peli1,-1.353325414,2.00E-11,-0.436508784,0.45,0.675,6.46E-07,,,,,,,,,
Chn2,-1.353510931,9.50E-09,-0.436706539,0.258,0.42,0.00030654,,,,,,,,,
Dennd5b,-1.353683784,1.91E-30,-0.436890769,0,0.141,6.15E-26,,,,,,,,,
Dennd3,-1.353898801,3.70E-12,-0.437119907,0.028,0.122,1.19E-07,,,,,,,,,
Tmem106b,-1.353927432,5.97E-15,-0.437150415,0.133,0.306,1.93E-10,,,,,,,,,
Lbh,-1.354235154,2.62E-11,-0.437478275,0.07,0.184,8.45E-07,,,,,,,,,
Kazn,-1.355510896,2.09E-25,-0.43883671,0.015,0.159,6.76E-21,,,,,,,,,
Rpl12,-1.355605955,2.97E-09,-0.43893788,0.27,0.422,9.57E-05,,,,,,,,,
Vps13a,-1.355824919,2.19E-09,-0.439170892,0.45,0.625,7.05E-05,,,,,,,,,
Bicc1,-1.356752488,2.45E-12,-0.440157555,0.028,0.124,7.90E-08,,,,,,,,,
Evl,-1.356901376,2.47E-09,-0.440315864,0.285,0.463,7.97E-05,,,,,,,,,
Crot,-1.359099261,1.52E-20,-0.442650826,0.053,0.216,4.89E-16,,,,,,,,,
Slc5a8,-1.359112154,3.60E-32,-0.442664512,0.016,0.196,1.16E-27,,,,,,,,,
Vdac1,-1.35979948,2.18E-19,-0.443393924,0.087,0.267,7.04E-15,,,,,,,,,
Sirpb1b,-1.360567601,2.30E-10,-0.44420864,0.069,0.184,7.43E-06,,,,,,,,,
Mpv17l,-1.362974927,2.27E-22,-0.446759023,0.06,0.237,7.31E-18,,,,,,,,,
Lipa,-1.363079927,4.20E-13,-0.44687016,0.18,0.351,1.35E-08,,,,,,,,,
Akt3,-1.363689897,1.91E-11,-0.447515613,0.32,0.535,6.18E-07,,,,,,,,,
St8sia4,-1.364276094,7.88E-10,-0.448135638,0.327,0.522,2.54E-05,,,,,,,,,
Lrba,-1.364316732,4.41E-16,-0.448178611,0.372,0.616,1.42E-11,,,,,,,,,
Rab30,-1.365705581,5.03E-08,-0.449646501,0.051,0.131,0.001623544,,,,,,,,,
Bcl11a,-1.367224459,3.84E-08,-0.451250112,0.104,0.214,0.001238347,,,,,,,,,
Ccdc88a,-1.367399512,1.48E-06,-0.451434815,0.568,0.729,0.04773755,,,,,,,,,
Gbp5,-1.367519133,2.60E-12,-0.451561018,0.033,0.133,8.40E-08,,,,,,,,,
Satb1,-1.367680592,1.12E-18,-0.451731343,0.028,0.161,3.62E-14,,,,,,,,,
Rpl9,-1.368118586,9.17E-11,-0.452193286,0.16,0.308,2.96E-06,,,,,,,,,
Calb1,-1.369039103,1.60E-18,-0.453163654,0.032,0.163,5.18E-14,,,,,,,,,
Cbfa2t3,-1.369066457,1.83E-08,-0.45319248,0.181,0.32,0.000591894,,,,,,,,,
Pde1a,-1.36966064,7.43E-23,-0.453818482,0.043,0.21,2.40E-18,,,,,,,,,
Gria3,-1.369740323,1.91E-30,-0.453902412,0,0.141,6.15E-26,,,,,,,,,
Clybl,-1.372949924,9.30E-22,-0.457279007,0.096,0.3,3.00E-17,,,,,,,,,
Slc17a1,-1.37390328,1.49E-22,-0.458280445,0,0.104,4.81E-18,,,,,,,,,
Cdyl2,-1.374635329,4.91E-08,-0.459048944,0.172,0.296,0.001583341,,,,,,,,,
Cyp7b1,-1.375600217,8.80E-37,-0.460061249,0.002,0.178,2.84E-32,,,,,,,,,
Lpin1,-1.375673315,5.82E-29,-0.46013791,0.029,0.212,1.88E-24,,,,,,,,,
Lpl,-1.376537752,5.53E-08,-0.461044177,0.111,0.218,0.001783271,,,,,,,,,
Zhx3,-1.377157867,2.85E-22,-0.461693948,0.054,0.227,9.19E-18,,,,,,,,,
Zfp366,-1.378747069,2.97E-07,-0.463357819,0.104,0.206,0.009572703,,,,,,,,,
Egf,-1.379192902,5.90E-41,-0.463824254,0.011,0.225,1.90E-36,,,,,,,,,
Glud1,-1.379910572,1.92E-15,-0.464574773,0.323,0.557,6.19E-11,,,,,,,,,
Hnrnpa2b1,-1.381294136,2.93E-15,-0.466020563,0.573,0.794,9.45E-11,,,,,,,,,
Osbpl8,-1.381343715,1.10E-12,-0.466072345,0.45,0.657,3.56E-08,,,,,,,,,
Ndrg1,-1.381975917,3.84E-22,-0.466732475,0,0.102,1.24E-17,,,,,,,,,
Ank3,-1.383582493,2.25E-23,-0.468408664,0,0.108,7.25E-19,,,,,,,,,
Ubr5,-1.384466975,2.22E-13,-0.46933064,0.412,0.618,7.17E-09,,,,,,,,,
Gm1720,-1.384716253,1.15E-08,-0.469590379,0.034,0.11,0.000370716,,,,,,,,,
Mical3,-1.386488013,5.25E-13,-0.471435143,0.043,0.153,1.69E-08,,,,,,,,,
Ppargc1b,-1.386677064,8.18E-08,-0.471631845,0.134,0.245,0.002638788,,,,,,,,,
Ptk2,-1.388175185,1.52E-11,-0.473189645,0.151,0.304,4.90E-07,,,,,,,,,
Rpl17,-1.388394173,6.73E-08,-0.473417216,0.305,0.439,0.002170706,,,,,,,,,
Kcnq5,-1.388478924,2.13E-11,-0.473505278,0.024,0.11,6.89E-07,,,,,,,,,
Prkcq,-1.388760366,4.67E-15,-0.47379768,0.032,0.147,1.51E-10,,,,,,,,,
Fnbp1l,-1.389676471,1.99E-11,-0.47474905,0.278,0.451,6.44E-07,,,,,,,,,
Ighm,-1.389777567,1.75E-07,-0.474853999,0.177,0.294,0.005634653,,,,,,,,,
Hivep1,-1.389868781,1.32E-09,-0.474948683,0.184,0.331,4.25E-05,,,,,,,,,
St8sia1,-1.391076457,4.66E-12,-0.476201716,0.13,0.284,1.50E-07,,,,,,,,,
Nudt4,-1.393083112,3.16E-33,-0.478281332,0.044,0.267,1.02E-28,,,,,,,,,
Papss2,-1.393440401,3.31E-27,-0.478651298,0.025,0.194,1.07E-22,,,,,,,,,
Sorbs1,-1.394971944,3.00E-33,-0.480236106,0.02,0.214,9.69E-29,,,,,,,,,
B3galt1,-1.396305557,1.13E-13,-0.481614684,0.035,0.143,3.64E-09,,,,,,,,,
Nr1h4,-1.39642849,1.11E-26,-0.481741696,0,0.124,3.57E-22,,,,,,,,,
Nudt19,-1.397838713,5.57E-36,-0.483197907,0.002,0.175,1.80E-31,,,,,,,,,
Nfyc,-1.400283734,1.42E-17,-0.485719185,0.191,0.412,4.58E-13,,,,,,,,,
Slc9a7,-1.400440885,2.90E-10,-0.485881086,0.139,0.286,9.34E-06,,,,,,,,,
Sult1d1,-1.400705112,1.77E-16,-0.48615326,0.195,0.406,5.70E-12,,,,,,,,,
Phldb2,-1.40087465,2.32E-27,-0.486327869,0.007,0.149,7.48E-23,,,,,,,,,
Pik3c2g,-1.402197942,7.46E-40,-0.487690023,0.011,0.22,2.41E-35,,,,,,,,,
Clec12a,-1.402874504,2.37E-12,-0.488385957,0.145,0.314,7.65E-08,,,,,,,,,
Pank1,-1.4080233,3.74E-36,-0.493671208,0.034,0.259,1.21E-31,,,,,,,,,
Naaa,-1.408100489,7.94E-08,-0.493750296,0.093,0.198,0.002561644,,,,,,,,,
Rps12,-1.41249033,2.18E-08,-0.498240991,0.229,0.363,0.000704282,,,,,,,,,
Plcl1,-1.416825178,1.98E-21,-0.502661755,0.42,0.727,6.40E-17,,,,,,,,,
Me1,-1.422217674,1.66E-34,-0.50814229,0.029,0.241,5.35E-30,,,,,,,,,
Rpl10a,-1.426739681,3.01E-15,-0.512722129,0.088,0.243,9.71E-11,,,,,,,,,
Oxr1,-1.431230251,9.11E-20,-0.517255786,0.252,0.512,2.94E-15,,,,,,,,,
Themis,-1.431872969,3.23E-22,-0.517903507,0.032,0.188,1.04E-17,,,,,,,,,
Cx3cr1,-1.438433055,3.28E-11,-0.524498079,0.141,0.3,1.06E-06,,,,,,,,,
Ifi203,-1.439571674,4.83E-09,-0.525639621,0.338,0.518,0.000155854,,,,,,,,,
Rpl39,-1.440828901,1.68E-13,-0.526899025,0.179,0.353,5.43E-09,,,,,,,,,
Ddhd1,-1.441306799,3.93E-08,-0.527377463,0.278,0.425,0.001269358,,,,,,,,,
Folh1,-1.442951416,6.32E-42,-0.529022725,0.015,0.239,2.04E-37,,,,,,,,,
Rpl5,-1.44396035,8.77E-16,-0.530031127,0.218,0.429,2.83E-11,,,,,,,,,
Slc22a23,-1.444840902,6.04E-16,-0.53091064,0.044,0.173,1.95E-11,,,,,,,,,
Gm16685,-1.446042034,2.38E-22,-0.532109489,0.015,0.145,7.67E-18,,,,,,,,,
Ablim1,-1.446398292,5.31E-25,-0.532464879,0.033,0.202,1.71E-20,,,,,,,,,
Fbp1,-1.449728104,1.54E-20,-0.535782348,0.096,0.292,4.97E-16,,,,,,,,,
Slc16a14,-1.45314443,5.75E-39,-0.539178102,0.002,0.188,1.85E-34,,,,,,,,,
Itgb8,-1.454621692,8.62E-32,-0.540643996,0.052,0.275,2.78E-27,,,,,,,,,
Myo10,-1.45767285,1.49E-26,-0.543666967,0.038,0.224,4.82E-22,,,,,,,,,
Ar,-1.457910307,9.41E-37,-0.543901966,0.02,0.229,3.04E-32,,,,,,,,,
Rbms3,-1.46086947,1.50E-30,-0.546827278,0.043,0.251,4.83E-26,,,,,,,,,
Keg1,-1.467902248,5.02E-30,-0.553755898,0,0.139,1.62E-25,,,,,,,,,
Aco2,-1.469101107,2.85E-32,-0.554933689,0.068,0.308,9.18E-28,,,,,,,,,
Rbpms,-1.470256397,1.95E-43,-0.556067767,0.017,0.253,6.28E-39,,,,,,,,,
Ifi213,-1.474282482,3.01E-18,-0.560012981,0.055,0.216,9.71E-14,,,,,,,,,
Shroom4,-1.474488251,1.92E-38,-0.560214327,0.015,0.222,6.19E-34,,,,,,,,,
Igf1r,-1.478354155,3.16E-16,-0.563991923,0.137,0.325,1.02E-11,,,,,,,,,
Gas2,-1.478747739,4.75E-36,-0.564375963,0.029,0.245,1.53E-31,,,,,,,,,
Atp2a2,-1.480265306,5.39E-27,-0.565855771,0.158,0.429,1.74E-22,,,,,,,,,
Herpud1,-1.481974233,1.63E-39,-0.567520364,0.02,0.243,5.25E-35,,,,,,,,,
Clec2d,-1.483351667,1.22E-16,-0.568860666,0.36,0.6,3.94E-12,,,,,,,,,
Trim7,-1.484488071,1.22E-44,-0.5699655,0,0.206,3.93E-40,,,,,,,,,
Pde4dip,-1.484843397,6.01E-21,-0.570310781,0.15,0.375,1.94E-16,,,,,,,,,
Fut8,-1.488687079,1.85E-19,-0.574040533,0.276,0.518,5.95E-15,,,,,,,,,
Auts2,-1.489671829,3.92E-32,-0.574994543,0,0.149,1.26E-27,,,,,,,,,
Vwa8,-1.491522555,8.08E-24,-0.576785795,0.181,0.439,2.61E-19,,,,,,,,,
Rps15a,-1.491817128,3.23E-12,-0.577070696,0.177,0.335,1.04E-07,,,,,,,,,
Strbp,-1.491974805,8.33E-27,-0.577223173,0.188,0.469,2.69E-22,,,,,,,,,
Ddx5,-1.498175303,4.53E-18,-0.583206445,0.555,0.784,1.46E-13,,,,,,,,,
Nabp1,-1.498531226,1.05E-06,-0.583549147,0.149,0.253,0.033798322,,,,,,,,,
Glis3,-1.498587385,8.83E-26,-0.583603212,0.007,0.141,2.85E-21,,,,,,,,,
Atrnl1,-1.498802895,1.66E-14,-0.583810669,0.473,0.686,5.35E-10,,,,,,,,,
Pam,-1.503557348,4.45E-37,-0.588379895,0.069,0.337,1.44E-32,,,,,,,,,
Ms4a4b,-1.512930245,1.88E-30,-0.597345473,0.058,0.288,6.08E-26,,,,,,,,,
Tmsb4x,-1.513764451,3.78E-12,-0.598140733,0.477,0.641,1.22E-07,,,,,,,,,
Pah,-1.516223278,8.51E-41,-0.600482219,0.025,0.259,2.75E-36,,,,,,,,,
Lyst,-1.516686746,2.82E-07,-0.600923144,0.364,0.516,0.009101906,,,,,,,,,
Msi2,-1.52384514,3.68E-22,-0.607716297,0.374,0.669,1.19E-17,,,,,,,,,
Fggy,-1.52564782,5.32E-30,-0.609421969,0.112,0.38,1.72E-25,,,,,,,,,
Lactb2,-1.526484033,9.78E-40,-0.610212499,0.038,0.288,3.16E-35,,,,,,,,,
Sh3rf1,-1.532013437,1.71E-42,-0.61542895,0.021,0.259,5.53E-38,,,,,,,,,
Pard3,-1.533908138,3.99E-39,-0.617212086,0.027,0.257,1.29E-34,,,,,,,,,
Ikzf2,-1.538871782,3.64E-10,-0.621873032,0.099,0.224,1.17E-05,,,,,,,,,
Epb41l3,-1.54120009,7.45E-37,-0.624054175,0.02,0.229,2.40E-32,,,,,,,,,
Larp1b,-1.542743012,2.57E-31,-0.62549776,0.049,0.265,8.30E-27,,,,,,,,,
Foxo1,-1.54442229,3.49E-39,-0.627067282,0.058,0.324,1.13E-34,,,,,,,,,
Sfxn1,-1.545461965,4.15E-46,-0.628038149,0.014,0.255,1.34E-41,,,,,,,,,
Zbtb20,-1.545528439,4.12E-23,-0.628100201,0.695,0.898,1.33E-18,,,,,,,,,
Cobll1,-1.545771246,6.25E-44,-0.628326835,0.009,0.231,2.02E-39,,,,,,,,,
Gbp8,-1.546680443,1.59E-14,-0.629175155,0.102,0.265,5.14E-10,,,,,,,,,
Vmp1,-1.548068293,1.52E-14,-0.630469118,0.101,0.253,4.90E-10,,,,,,,,,
Rps24,-1.550433758,2.24E-12,-0.632671889,0.254,0.422,7.21E-08,,,,,,,,,
Nck2,-1.556319969,1.81E-09,-0.638138699,0.103,0.22,5.85E-05,,,,,,,,,
Lrrk2,-1.56385014,1.69E-19,-0.64510227,0.188,0.425,5.46E-15,,,,,,,,,
Bmt2,-1.566929078,1.13E-12,-0.647939882,0.216,0.4,3.64E-08,,,,,,,,,
Ivns1abp,-1.567975821,3.26E-24,-0.648903312,0.172,0.429,1.05E-19,,,,,,,,,
Trabd2b,-1.569239877,9.86E-22,-0.650065902,0,0.1,3.18E-17,,,,,,,,,
Enpp2,-1.573345427,2.44E-47,-0.653835448,0.008,0.243,7.88E-43,,,,,,,,,
Aldob,-1.574656631,8.81E-18,-0.655037269,0.217,0.435,2.84E-13,,,,,,,,,
Iigp1,-1.580788377,1.00E-10,-0.660644245,0.169,0.327,3.23E-06,,,,,,,,,
Tnfrsf21,-1.581775364,1.99E-32,-0.661544729,0.006,0.169,6.41E-28,,,,,,,,,
Slc25a21,-1.581994114,5.81E-36,-0.661744232,0,0.167,1.88E-31,,,,,,,,,
Mast4,-1.583127744,5.81E-30,-0.662777673,0.095,0.345,1.87E-25,,,,,,,,,
Aass,-1.585449073,7.36E-51,-0.664891536,0,0.233,2.37E-46,,,,,,,,,
Rplp2,-1.588392879,1.47E-11,-0.667567798,0.199,0.349,4.73E-07,,,,,,,,,
Kcnj16,-1.593088671,3.40E-37,-0.671826569,0.034,0.265,1.10E-32,,,,,,,,,
Nedd4,-1.59727081,7.21E-30,-0.675608936,0.114,0.376,2.33E-25,,,,,,,,,
Slc12a1,-1.600365644,1.13E-37,-0.678401563,0.026,0.249,3.64E-33,,,,,,,,,
Atp1a1,-1.602555124,2.83E-22,-0.680373983,0.198,0.451,9.12E-18,,,,,,,,,
Tox,-1.609103085,1.64E-19,-0.686256754,0.067,0.239,5.29E-15,,,,,,,,,
Scp2,-1.610987658,3.34E-25,-0.687945441,0.047,0.231,1.08E-20,,,,,,,,,
Pter,-1.62320753,2.17E-36,-0.698847463,0,0.169,6.99E-32,,,,,,,,,
Pakap.1,-1.627674817,8.15E-23,-0.702812502,0.051,0.227,2.63E-18,,,,,,,,,
Kcnj15,-1.629378724,6.51E-34,-0.704321975,0.001,0.161,2.10E-29,,,,,,,,,
Unc5c,-1.634454639,8.94E-38,-0.708809339,0.036,0.271,2.88E-33,,,,,,,,,
Slc13a1,-1.634556845,4.09E-35,-0.708899551,0.002,0.171,1.32E-30,,,,,,,,,
Setbp1,-1.636741334,1.70E-39,-0.71082634,0.036,0.28,5.47E-35,,,,,,,,,
Pard3b,-1.63700491,2.01E-27,-0.711058649,0.101,0.341,6.49E-23,,,,,,,,,
Fgfr2,-1.656217318,5.35E-46,-0.727891986,0.061,0.367,1.73E-41,,,,,,,,,
Itga1,-1.665812786,8.17E-38,-0.736226271,0.04,0.276,2.64E-33,,,,,,,,,
Itpr1,-1.682833283,2.64E-29,-0.750892257,0.22,0.533,8.52E-25,,,,,,,,,
Ccr2,-1.691985605,2.63E-15,-0.758717295,0.191,0.396,8.48E-11,,,,,,,,,
Rora,-1.697079279,1.02E-35,-0.763053962,0.036,0.263,3.28E-31,,,,,,,,,
Slc7a13,-1.70025812,8.53E-50,-0.765753781,0.008,0.253,2.75E-45,,,,,,,,,
Atp1b1,-1.70380821,5.61E-28,-0.768762947,0.155,0.422,1.81E-23,,,,,,,,,
Plcb1,-1.710305089,2.35E-37,-0.7742537,0.051,0.302,7.58E-33,,,,,,,,,
Cyp2j5,-1.722402619,4.25E-48,-0.784422418,0.019,0.28,1.37E-43,,,,,,,,,
Gclc,-1.736050249,2.45E-28,-0.795808707,0.027,0.206,7.90E-24,,,,,,,,,
Slc40a1,-1.740265634,4.42E-12,-0.799307536,0.02,0.104,1.43E-07,,,,,,,,,
Sugct,-1.740636008,3.80E-41,-0.799614547,0.002,0.198,1.22E-36,,,,,,,,,
Acox1,-1.750855675,1.05E-40,-0.808060166,0,0.188,3.38E-36,,,,,,,,,
Myo6,-1.758332324,8.35E-67,-0.814207765,0.008,0.327,2.70E-62,,,,,,,,,
Rabgap1l,-1.761404295,2.06E-19,-0.816726089,0.415,0.671,6.64E-15,,,,,,,,,
Acsm2,-1.763479739,6.08E-40,-0.818425,0.001,0.188,1.96E-35,,,,,,,,,
Thrb,-1.802900352,2.13E-47,-0.85031966,0.062,0.375,6.87E-43,,,,,,,,,
Skap1,-1.810606749,2.24E-27,-0.856473237,0.054,0.261,7.23E-23,,,,,,,,,
Kynu,-1.823415932,3.09E-15,-0.866643686,0.141,0.312,9.96E-11,,,,,,,,,
Bnc2,-1.833117962,3.22E-51,-0.874299627,0.006,0.253,1.04E-46,,,,,,,,,
Ptprk,-1.860768124,8.55E-48,-0.895898288,0.009,0.247,2.76E-43,,,,,,,,,
Erbb4,-1.877291432,1.55E-71,-0.908652633,0.025,0.396,5.01E-67,,,,,,,,,
Gm2682,-1.888717223,9.50E-32,-0.917406719,0.023,0.214,3.07E-27,,,,,,,,,
Igkc,-1.892130483,1.10E-22,-0.920011582,0.129,0.337,3.56E-18,,,,,,,,,
Dpyd,-1.911495012,1.47E-63,-0.934701435,0.024,0.353,4.74E-59,,,,,,,,,
Timp3,-1.924565823,1.68E-56,-0.944533014,0.069,0.431,5.41E-52,,,,,,,,,
Ccser1,-1.933450383,7.60E-21,-0.951177742,0.189,0.42,2.45E-16,,,,,,,,,
Nhs,-1.959003046,9.95E-53,-0.970119641,0.003,0.253,3.21E-48,,,,,,,,,
Rgl1,-1.974725809,1.09E-26,-0.981652349,0.165,0.414,3.50E-22,,,,,,,,,
Slc27a2,-2.003027026,7.87E-52,-1.002181887,0.003,0.249,2.54E-47,,,,,,,,,
Adk,-2.06721328,3.03E-57,-1.047687243,0.11,0.498,9.76E-53,,,,,,,,,
Mndal,-2.125125442,8.78E-35,-1.087548003,0.192,0.52,2.83E-30,,,,,,,,,
Chpt1,-2.147982995,4.52E-48,-1.102982572,0.124,0.478,1.46E-43,,,,,,,,,
Lrp2,-2.149956252,3.02E-57,-1.104307304,0.005,0.275,9.74E-53,,,,,,,,,
Fhit,-2.166000902,2.95E-43,-1.115033844,0.092,0.406,9.50E-39,,,,,,,,,
Atxn1,-2.189252173,2.21E-29,-1.130438143,0.176,0.467,7.14E-25,,,,,,,,,
Gramd1b,-2.347179565,1.14E-55,-1.230928216,0.007,0.276,3.68E-51,,,,,,,,,
Pck1,-2.354449585,1.33E-49,-1.235389831,0.038,0.329,4.29E-45,,,,,,,,,
Slc4a4,-2.402936998,6.03E-70,-1.264798823,0.052,0.453,1.94E-65,,,,,,,,,
Gphn,-2.40539715,1.78E-65,-1.266275114,0.579,0.912,5.74E-61,,,,,,,,,
Lars2,-2.410867995,5.81E-60,-1.269552659,0.429,0.818,1.88E-55,,,,,,,,,
Esrrg,-2.481925504,7.36E-51,-1.311459813,0,0.233,2.37E-46,,,,,,,,,
Nox4,-2.493013237,8.98E-70,-1.317890543,0.032,0.402,2.90E-65,,,,,,,,,
Gm26917,-2.521919609,4.22E-53,-1.334522288,0.397,0.78,1.36E-48,,,,,,,,,
AY036118,-2.550932185,2.01E-49,-1.351024546,0.285,0.645,6.48E-45,,,,,,,,,
Pkhd1,-2.552335655,2.32E-61,-1.351818069,0.002,0.286,7.49E-57,,,,,,,,,
Magi2,-2.561571936,6.22E-84,-1.357029407,0.026,0.443,2.01E-79,,,,,,,,,
Gm42418,-2.572517764,5.45E-159,-1.363181039,0.99,1,1.76E-154,,,,,,,,,
Gk,-2.715794876,1.38E-76,-1.441374517,0.002,0.349,4.45E-72,,,,,,,,,
Neat1,-2.722987118,6.37E-55,-1.445190157,0,0.251,2.06E-50,,,,,,,,,
Cdk8,-2.732877177,3.93E-78,-1.450420623,0.337,0.825,1.27E-73,,,,,,,,,
Cmss1,-2.90459186,1.82E-124,-1.538335457,0.911,0.996,5.88E-120,,,,,,,,,
Pde4d,-3.155112981,1.15E-78,-1.657691667,0.027,0.429,3.71E-74,,,,,,,,,
Ptprd,-3.191567116,1.75E-93,-1.674264987,0.014,0.443,5.65E-89,,,,,,,,,
Ghr,-3.209008456,2.24E-55,-1.682127591,0,0.253,7.22E-51,,,,,,,,,
Slc5a12,-3.251885315,8.42E-97,-1.701276378,0.018,0.473,2.72E-92,,,,,,,,,
Fut9,-4.351652417,3.42E-120,-2.121563328,0.031,0.576,1.10E-115,,,,,,,,,
F13a1,2.960514215,2.22E-06,1.565847781,0.132,0.055,0.07163031,,,,,,,,,
Xylt1,1.927718573,0.00020761,0.946894448,0.372,0.327,1,,,,,,,,,
Zdhhc14,1.870836554,6.35E-05,0.903683523,0.48,0.469,1,,,,,,,,,
Vcam1,1.806232448,0.002646201,0.852983568,0.325,0.28,1,,,,,,,,,
Adgrl3,1.768976541,0.001887646,0.822914916,0.181,0.127,1,,,,,,,,,
Trf,1.736819316,1.72E-05,0.796447676,0.245,0.161,0.555750515,,,,,,,,,
Stap1,1.721184201,0.001618923,0.783401503,0.328,0.29,1,,,,,,,,,
Dab2,1.70049334,1.48E-05,0.765953356,0.624,0.61,0.477811337,,,,,,,,,
Colec12,1.682085069,0.020179083,0.75025067,0.173,0.133,1,,,,,,,,,
Abtb2,1.674695171,0.447535646,0.74389852,0.165,0.163,1,,,,,,,,,
Stab1,1.671213146,9.25E-06,0.740895746,0.395,0.298,0.298447275,,,,,,,,,
Rbpj,1.642996611,0.000652116,0.716329504,0.727,0.761,1,,,,,,,,,
Apoe,1.638232739,4.25E-06,0.712140331,0.39,0.304,0.137034035,,,,,,,,,
A330023F24Rik,1.634230862,0.000130324,0.708611802,0.399,0.349,1,,,,,,,,,
Antxr2,1.630415854,9.60E-06,0.705239986,0.411,0.359,0.309876596,,,,,,,,,
Ank2,1.628592116,0.000112873,0.703625324,0.24,0.167,1,,,,,,,,,
Abca1,1.626179118,0.000796092,0.701486174,0.295,0.237,1,,,,,,,,,
Agmo,1.620428068,3.06E-06,0.696374979,0.453,0.371,0.098828466,,,,,,,,,
Bcl2l1,1.612716513,2.06E-06,0.689492861,0.45,0.357,0.066558136,,,,,,,,,
Rap1gap2,1.611592365,0.000169825,0.688486875,0.462,0.447,1,,,,,,,,,
Frmpd4,1.606359572,0.209671957,0.683794866,0.158,0.143,1,,,,,,,,,
Pmepa1,1.603926557,5.35E-05,0.681608083,0.199,0.125,1,,,,,,,,,
Maf,1.584302866,0.000328585,0.663848157,0.594,0.575,1,,,,,,,,,
Plxdc2,1.580483296,0.868066723,0.660365788,0.471,0.559,1,,,,,,,,,
Fam117b,1.568723776,2.26E-06,0.649591342,0.481,0.431,0.072864325,,,,,,,,,
Srgn,1.558668988,0.001502769,0.640314578,0.259,0.212,1,,,,,,,,,
Apbb2,1.54960708,0.141016941,0.631902451,0.205,0.261,1,,,,,,,,,
C1qc,1.530838602,3.24E-05,0.614322186,0.252,0.178,1,,,,,,,,,
Oas2,1.529248565,3.42E-05,0.612822922,0.27,0.192,1,,,,,,,,,
Dusp16,1.521311297,0.000519885,0.605315393,0.415,0.371,1,,,,,,,,,
Abcb1b,1.510981902,0.005183844,0.595486381,0.244,0.2,1,,,,,,,,,
Maml3,1.501262327,3.27E-06,0.586176092,0.591,0.547,0.105484748,,,,,,,,,
Crem,1.498987349,0.000865122,0.583988207,0.183,0.124,1,,,,,,,,,
Gdi2,1.493587337,4.06E-06,0.578781601,0.606,0.598,0.131064116,,,,,,,,,
Zfp36l1,1.489737319,0.000436515,0.575057967,0.46,0.441,1,,,,,,,,,
Gpr65,1.489205001,5.72E-05,0.574542366,0.217,0.143,1,,,,,,,,,
App,1.48564578,0.000331078,0.571090178,0.74,0.784,1,,,,,,,,,
Mxi1,1.485426224,0.009049198,0.570876954,0.193,0.153,1,,,,,,,,,
P2rx4,1.481639239,8.28E-06,0.567194212,0.489,0.422,0.267028908,,,,,,,,,
Cd300a,1.474708613,2.82E-05,0.560429921,0.314,0.231,0.910063383,,,,,,,,,
Ophn1,1.473907684,8.86E-05,0.559646166,0.497,0.441,1,,,,,,,,,
Chd7,1.460838016,0.000561306,0.546796215,0.486,0.463,1,,,,,,,,,
Klf13,1.460354257,2.21E-06,0.546318385,0.549,0.473,0.071146919,,,,,,,,,
Cd300lf,1.460019907,0.019498631,0.54598804,0.169,0.131,1,,,,,,,,,
Acsf2,1.458355246,7.53E-06,0.544342194,0.165,0.084,0.242984525,,,,,,,,,
Lilr4b,1.45779135,2.22E-05,0.543784246,0.323,0.233,0.717003156,,,,,,,,,
Ralgps1,1.45309454,0.000480859,0.539128569,0.348,0.292,1,,,,,,,,,
Lgmn,1.45045673,0.001531995,0.536507257,0.42,0.384,1,,,,,,,,,
Pxn,1.444892878,0.002529534,0.530962538,0.331,0.29,1,,,,,,,,,
Tlr7,1.444699237,0.001136802,0.530769179,0.345,0.29,1,,,,,,,,,
Col14a1,1.443981305,0.022559146,0.530052064,0.169,0.133,1,,,,,,,,,
Mapkapk3,1.443705327,6.78E-05,0.529776305,0.331,0.249,1,,,,,,,,,
Efhd2,1.441480161,0.000679757,0.527550981,0.342,0.298,1,,,,,,,,,
Fcgr2b,1.440071668,2.46E-06,0.526140612,0.458,0.38,0.079493074,,,,,,,,,
Rcsd1,1.438894732,1.33E-05,0.52496105,0.556,0.537,0.429442699,,,,,,,,,
Psen2,1.438758111,1.93E-05,0.524824062,0.176,0.098,0.622673913,,,,,,,,,
Mill2,1.437220386,0.000855976,0.523281305,0.11,0.059,1,,,,,,,,,
Lilra5,1.436098302,7.74E-05,0.522154506,0.282,0.206,1,,,,,,,,,
Arrdc3,1.436019334,0.000966573,0.522075173,0.188,0.129,1,,,,,,,,,
Dclre1c,1.435687386,0.000162794,0.521741643,0.453,0.424,1,,,,,,,,,
Ap2a2,1.4355811,0.000273077,0.521634835,0.463,0.431,1,,,,,,,,,
St3gal6,1.434780507,0.00151298,0.52083005,0.395,0.343,1,,,,,,,,,
Arhgap31,1.43373713,0.000721503,0.519780535,0.406,0.365,1,,,,,,,,,
Oasl2,1.43316012,0.001792491,0.519199804,0.268,0.212,1,,,,,,,,,
Ifngr2,1.430637936,2.10E-05,0.516658603,0.409,0.339,0.677685017,,,,,,,,,
Crtc3,1.425935096,0.000712539,0.511908316,0.362,0.314,1,,,,,,,,,
Sik1,1.423455372,2.32E-05,0.509397262,0.25,0.167,0.747009369,,,,,,,,,
Cacna1d,1.421722569,0.010533146,0.507639969,0.25,0.206,1,,,,,,,,,
Itpkb,1.420801373,0.001177147,0.506704881,0.532,0.52,1,,,,,,,,,
Gm12353,1.417370792,0.014208845,0.503217224,0.282,0.241,1,,,,,,,,,
Slc43a2,1.41579587,0.004986685,0.501613272,0.493,0.476,1,,,,,,,,,
Rnf180,1.414950286,0.000499376,0.500751365,0.508,0.49,1,,,,,,,,,
Prune2,1.41083379,6.29E-05,0.496548034,0.171,0.096,1,,,,,,,,,
Dapk1,1.409800079,0.004531637,0.495490591,0.501,0.486,1,,,,,,,,,
B4galt1,1.409777114,0.000335819,0.49546709,0.477,0.429,1,,,,,,,,,
Itsn1,1.409441799,0.047570024,0.495123905,0.323,0.306,1,,,,,,,,,
Mgat4a,1.408622967,0.00054633,0.49428551,0.375,0.327,1,,,,,,,,,
Tpd52,1.408577428,0.002286904,0.49423887,0.575,0.612,1,,,,,,,,,
Tg,1.407807157,5.88E-05,0.493449726,0.345,0.263,1,,,,,,,,,
Snx24,1.406912773,0.000100542,0.492532885,0.566,0.524,1,,,,,,,,,
Itga9,1.404480685,4.82E-06,0.490036784,0.644,0.578,0.155366598,,,,,,,,,
C1qb,1.402940767,0.000126627,0.488454099,0.421,0.371,1,,,,,,,,,
4930479D17Rik,1.402425754,0.00064485,0.487924395,0.128,0.073,1,,,,,,,,,
Ifi202b,1.401181291,0.001546942,0.48664363,0.145,0.094,1,,,,,,,,,
Ttc28,1.398807506,0.050614535,0.484197443,0.281,0.259,1,,,,,,,,,
Lats2,1.398236678,0.004548045,0.483608585,0.259,0.222,1,,,,,,,,,
Negr1,1.397952891,0.195240195,0.483315745,0.369,0.363,1,,,,,,,,,
Fcgr4,1.395627169,0.033752126,0.480913588,0.172,0.141,1,,,,,,,,,
Lpar6,1.395011977,0.002513118,0.480277508,0.151,0.104,1,,,,,,,,,
Syk,1.394702059,3.70E-06,0.479956961,0.589,0.541,0.11936005,,,,,,,,,
Atf6,1.390348231,2.79E-06,0.47544627,0.684,0.667,0.08990583,,,,,,,,,
Sh3bgrl,1.390025209,0.15379716,0.475111048,0.357,0.373,1,,,,,,,,,
Rbm47,1.389693175,6.79E-06,0.474766391,0.84,0.863,0.218962053,,,,,,,,,
Fcgr3,1.388537261,0.000137865,0.473565892,0.214,0.143,1,,,,,,,,,
Slc41a2,1.388440964,0.000847699,0.473465836,0.363,0.322,1,,,,,,,,,
Tlr8,1.387077208,0.000356231,0.472048094,0.2,0.133,1,,,,,,,,,
Lrrfip1,1.386821374,0.000443176,0.471781976,0.54,0.527,1,,,,,,,,,
Cdh23,1.385779045,0.006427462,0.470697246,0.203,0.159,1,,,,,,,,,
Irs2,1.384922876,0.000420407,0.469805637,0.191,0.124,1,,,,,,,,,
Pik3r1,1.384424855,0.000301336,0.469286748,0.627,0.633,1,,,,,,,,,
Ftl1,1.382668213,0.000163023,0.467455007,0.119,0.059,1,,,,,,,,,
Hat1,1.381279526,0.003574857,0.466005303,0.258,0.214,1,,,,,,,,,
Extl3,1.381159097,0.075125558,0.465879514,0.493,0.52,1,,,,,,,,,
Tspan13,1.379230025,0.04046159,0.463863087,0.164,0.135,1,,,,,,,,,
H2-Aa,1.379108513,1.64E-05,0.463735977,0.679,0.725,0.530381732,,,,,,,,,
Sh3pxd2a,1.377417012,0.02243446,0.461965401,0.436,0.416,1,,,,,,,,,
Tnfaip8,1.375649476,0.00811946,0.460112909,0.652,0.676,1,,,,,,,,,
Adam19,1.375242259,0.001017345,0.459685782,0.521,0.514,1,,,,,,,,,
Ms4a6c,1.375131982,0.001881721,0.459570092,0.468,0.449,1,,,,,,,,,
Havcr2,1.373243562,0.000223654,0.457587529,0.441,0.388,1,,,,,,,,,
Slc15a3,1.373081099,0.003956247,0.457416839,0.156,0.106,1,,,,,,,,,
Tgfbr1,1.371542924,1.57E-05,0.455799774,0.797,0.831,0.507304544,,,,,,,,,
Lrrc8d,1.370568914,0.013261875,0.45477487,0.485,0.484,1,,,,,,,,,
Gm5086,1.370056278,0.007827043,0.454235156,0.284,0.241,1,,,,,,,,,
Mertk,1.369941277,0.020147323,0.454114053,0.532,0.533,1,,,,,,,,,
S100g,1.369534681,0.000161935,0.4536858,0.127,0.065,1,,,,,,,,,
Snx8,1.36897399,0.013422192,0.453095036,0.337,0.306,1,,,,,,,,,
Nlrc4,1.367004488,0.021149451,0.45101798,0.215,0.18,1,,,,,,,,,
Maml2,1.365925455,2.45E-06,0.449878751,0.79,0.786,0.079177664,,,,,,,,,
Eef2k,1.365344652,0.004955436,0.449265175,0.174,0.127,1,,,,,,,,,
Cables1,1.364735953,0.003006316,0.448621848,0.182,0.127,1,,,,,,,,,
Lifr,1.36327453,2.29E-05,0.447076114,0.577,0.527,0.739718663,,,,,,,,,
Stat4,1.363054488,0.763720088,0.446843235,0.174,0.186,1,,,,,,,,,
Irak2,1.36271307,0.01363173,0.446481824,0.513,0.512,1,,,,,,,,,
Ddi2,1.362554585,9.07E-06,0.446314027,0.681,0.663,0.292553354,,,,,,,,,
Ctss,1.359949744,3.18E-05,0.443553339,0.652,0.649,1,,,,,,,,,
2610035D17Rik,1.35813489,0.024031166,0.441626775,0.217,0.178,1,,,,,,,,,
Zfp704,1.358075265,0.003908949,0.441563436,0.482,0.459,1,,,,,,,,,
Fermt3,1.357889666,0.001453752,0.441366259,0.441,0.41,1,,,,,,,,,
Cd300c2,1.357053122,0.000962071,0.440477197,0.325,0.265,1,,,,,,,,,
Dnase1l1,1.355570056,0.001795984,0.438899674,0.203,0.149,1,,,,,,,,,
Arnt,1.353645365,0.011158336,0.436849823,0.346,0.324,1,,,,,,,,,
Mafb,1.352879675,0.00459925,0.436033532,0.202,0.153,1,,,,,,,,,
Tnfrsf1b,1.352345352,0.000827117,0.435463624,0.301,0.243,1,,,,,,,,,
Dok3,1.35125138,0.008685581,0.434296091,0.22,0.18,1,,,,,,,,,
C5ar1,1.349375062,0.003269559,0.432291404,0.173,0.12,1,,,,,,,,,
Msr1,1.348878236,0.000766038,0.431760121,0.232,0.163,1,,,,,,,,,
Disc1,1.348799786,0.000689609,0.431676212,0.466,0.431,1,,,,,,,,,
Dram2,1.34812984,0.000315947,0.430959451,0.534,0.525,1,,,,,,,,,
Epb41,1.347504492,0.854924641,0.430290083,0.591,0.684,1,,,,,,,,,
Ctnnd1,1.346508664,0.018950916,0.429223513,0.429,0.422,1,,,,,,,,,
Polr2a,1.346489535,0.070278972,0.429203017,0.286,0.263,1,,,,,,,,,
Smim3,1.346459758,0.003965037,0.429171112,0.154,0.106,1,,,,,,,,,
Alpk1,1.345558773,0.002593878,0.428205408,0.431,0.412,1,,,,,,,,,
Lgals3,1.34423198,0.114478512,0.426782132,0.27,0.253,1,,,,,,,,,
Wasf2,1.344052535,8.20E-05,0.42658953,0.738,0.767,1,,,,,,,,,
Adap2os,1.343593417,0.00214921,0.426096632,0.463,0.429,1,,,,,,,,,
Ccny,1.340079943,0.008616823,0.422319067,0.479,0.465,1,,,,,,,,,
Plekho1,1.339106416,0.001717655,0.421270614,0.445,0.431,1,,,,,,,,,
Irf5,1.337894287,0.039674514,0.419964127,0.29,0.275,1,,,,,,,,,
Slc7a8,1.336764335,0.170804474,0.418745148,0.278,0.265,1,,,,,,,,,
Neurl1a,1.336383944,0.000789802,0.418334555,0.122,0.069,1,,,,,,,,,
Itgb5,1.33543977,0.000206087,0.41731491,0.48,0.412,1,,,,,,,,,
Cdkn1b,1.335200425,0.046471412,0.417056319,0.173,0.145,1,,,,,,,,,
Abcc3,1.33431306,0.005661115,0.416097195,0.16,0.112,1,,,,,,,,,
Tmcc1,1.33401781,0.000231969,0.415777928,0.719,0.743,1,,,,,,,,,
Gmip,1.33318073,0.009774318,0.41487237,0.353,0.325,1,,,,,,,,,
Plekhm2,1.332492727,9.48E-05,0.414127658,0.459,0.402,1,,,,,,,,,
Arhgap39,1.331737708,0.002068856,0.413309965,0.492,0.48,1,,,,,,,,,
Pitpna,1.330971234,3.29E-05,0.412479391,0.704,0.68,1,,,,,,,,,
Pitpnc1,1.329230997,0.199691637,0.410591842,0.532,0.665,1,,,,,,,,,
Setd7,1.328247631,0.08044317,0.40952414,0.276,0.257,1,,,,,,,,,
Vgll4,1.327736793,0.025494317,0.408969179,0.39,0.371,1,,,,,,,,,
Syne1,1.327651105,0.052258087,0.408876069,0.489,0.522,1,,,,,,,,,
Cerk,1.327313996,0.006625932,0.408509702,0.447,0.447,1,,,,,,,,,
Kdm7a,1.32702356,0.000306055,0.408193984,0.582,0.578,1,,,,,,,,,
1700017B05Rik,1.326238607,0.00351164,0.407340358,0.113,0.069,1,,,,,,,,,
C1qa,1.326162306,0.012097263,0.407257355,0.232,0.194,1,,,,,,,,,
Kcnrg,1.325962614,0.050719715,0.407040099,0.142,0.116,1,,,,,,,,,
Frmd4a,1.325935694,0.009380504,0.407010808,0.408,0.382,1,,,,,,,,,
Il10ra,1.325278165,0.000429962,0.406295201,0.527,0.51,1,,,,,,,,,
Rpl37a,1.324361523,0.001683968,0.405297001,0.206,0.141,1,,,,,,,,,
Cd38,1.324078676,0.671185388,0.404988848,0.163,0.163,1,,,,,,,,,
Mctp1,1.323866165,0.001607136,0.404757281,0.702,0.692,1,,,,,,,,,
Mir142hg,1.323759029,0.001232088,0.404640525,0.539,0.565,1,,,,,,,,,
Snx20,1.32212681,0.037797634,0.402860558,0.295,0.273,1,,,,,,,,,
Foxn3,1.319877335,1.95E-05,0.400403857,0.875,0.857,0.627807324,,,,,,,,,
Pacsin2,1.31834858,0.023331411,0.398731879,0.507,0.524,1,,,,,,,,,
Zfp652,1.317592005,0.069983214,0.397903706,0.447,0.475,1,,,,,,,,,
A4galt,1.31692336,0.008366359,0.397171389,0.14,0.096,1,,,,,,,,,
Hmgcl,1.316461449,0.0144288,0.396665274,0.272,0.239,1,,,,,,,,,
Lysmd4,1.316378419,0.024319497,0.39657428,0.431,0.42,1,,,,,,,,,
Kdm6b,1.314795933,0.001630284,0.394838899,0.145,0.092,1,,,,,,,,,
Nfatc1,1.31467225,0.000622183,0.394703178,0.414,0.369,1,,,,,,,,,
Rcbtb2,1.314591639,0.168610253,0.394614715,0.221,0.214,1,,,,,,,,,
Gusb,1.314469431,0.004748854,0.394480592,0.354,0.325,1,,,,,,,,,
Sh3kbp1,1.314234758,0.005237003,0.394223004,0.652,0.716,1,,,,,,,,,
Csf1r,1.314174711,0.014058535,0.394157085,0.434,0.422,1,,,,,,,,,
Mef2d,1.314086093,0.005543159,0.394059798,0.338,0.292,1,,,,,,,,,
Iqgap2,1.312233121,0.051297754,0.392024041,0.558,0.594,1,,,,,,,,,
Pon3,1.312134762,0.005262954,0.391915899,0.123,0.078,1,,,,,,,,,
Slc11a1,1.311813166,0.061989049,0.391562259,0.237,0.212,1,,,,,,,,,
Ms4a7,1.310847205,0.019888512,0.390499532,0.38,0.359,1,,,,,,,,,
Sort1,1.310191845,0.010309245,0.389778074,0.138,0.096,1,,,,,,,,,
Fam219a,1.309596121,0.044684712,0.389121954,0.236,0.204,1,,,,,,,,,
Prcp,1.308742222,0.005206905,0.388180963,0.455,0.441,1,,,,,,,,,
Pim1,1.308655584,0.01261318,0.388085454,0.169,0.127,1,,,,,,,,,
Pparg,1.308620845,0.019239638,0.388047157,0.33,0.302,1,,,,,,,,,
Itprid2,1.308605456,0.026202817,0.388030191,0.303,0.271,1,,,,,,,,,
Lacc1,1.307815937,0.047732709,0.387159509,0.412,0.425,1,,,,,,,,,
Stk38l,1.307411912,0.039169586,0.386713747,0.164,0.131,1,,,,,,,,,
Irf2bp2,1.307215415,0.003767949,0.386496902,0.278,0.225,1,,,,,,,,,
Cyth3,1.307153733,0.120432843,0.386428825,0.263,0.253,1,,,,,,,,,
Specc1l,1.306548119,0.018205858,0.385760259,0.41,0.41,1,,,,,,,,,
Mlxip,1.306095065,1.24E-05,0.385259909,0.538,0.492,0.399470192,,,,,,,,,
Tgfbr2,1.305768201,0.006223797,0.384898814,0.58,0.606,1,,,,,,,,,
Cnnm2,1.301785584,0.843468716,0.380491843,0.139,0.143,1,,,,,,,,,
Rab7b,1.300897363,0.00175554,0.379507142,0.354,0.294,1,,,,,,,,,
Klf6,1.299100264,0.018258761,0.377512782,0.298,0.263,1,,,,,,,,,
Cd33,1.298791362,0.006731649,0.377169694,0.16,0.114,1,,,,,,,,,
Pou2f2,1.298716695,0.006282718,0.377086752,0.508,0.467,1,,,,,,,,,
Ptk2b,1.297432597,0.001147621,0.375659591,0.669,0.665,1,,,,,,,,,
Nlrp3,1.297035031,0.037539507,0.375217445,0.151,0.12,1,,,,,,,,,
P2rx7,1.296378782,0.003622778,0.374487313,0.38,0.337,1,,,,,,,,,
Phc2,1.29584237,0.0233637,0.373890236,0.426,0.408,1,,,,,,,,,
Wwp1,1.295075424,0.332961907,0.373036122,0.515,0.584,1,,,,,,,,,
Dnase2a,1.294572971,0.004492818,0.372476288,0.13,0.084,1,,,,,,,,,
Bcl6,1.294466878,0.232000796,0.372358051,0.266,0.255,1,,,,,,,,,
Dcstamp,1.293923278,0.406516308,0.371752076,0.13,0.12,1,,,,,,,,,
Arhgap18,1.292968488,0.009065788,0.370687114,0.582,0.586,1,,,,,,,,,
Fbxo11,1.292945798,0.088505955,0.370661797,0.581,0.612,1,,,,,,,,,
Aph1c,1.291745799,0.042569999,0.369322192,0.194,0.165,1,,,,,,,,,
Tmcc3,1.291528149,0.000263663,0.369079088,0.795,0.763,1,,,,,,,,,
Bank1,1.291039185,0.698032251,0.368532789,0.205,0.241,1,,,,,,,,,
Gm15503,1.290828662,0.011218867,0.368297517,0.101,0.065,1,,,,,,,,,
Ndel1,1.290224345,0.561860118,0.367621944,0.271,0.284,1,,,,,,,,,
Ergic1,1.290021886,0.017458614,0.367395542,0.244,0.204,1,,,,,,,,,
Slc16a6,1.289777882,0.005096368,0.367122635,0.26,0.214,1,,,,,,,,,
Pkn1,1.286586831,0.018787709,0.363548827,0.409,0.402,1,,,,,,,,,
Zfp64,1.286435885,0.162407999,0.363379556,0.147,0.127,1,,,,,,,,,
Stx12,1.28627677,0.021648114,0.363201102,0.236,0.202,1,,,,,,,,,
Hgf,1.286207891,0.054910661,0.363123845,0.124,0.094,1,,,,,,,,,
Nrros,1.285264596,0.007477457,0.362065396,0.603,0.618,1,,,,,,,,,
Pvt1,1.28405641,0.000350734,0.360708583,0.71,0.722,1,,,,,,,,,
Poc1b,1.283608052,0.042190225,0.360204745,0.138,0.108,1,,,,,,,,,
Lpin2,1.283154457,0.031805275,0.359694843,0.542,0.547,1,,,,,,,,,
Ncf1,1.283003211,0.055342789,0.359524781,0.262,0.237,1,,,,,,,,,
Sorl1,1.28281237,0.006330188,0.359310171,0.44,0.416,1,,,,,,,,,
Gm47167,1.282654921,0.004178693,0.359133087,0.165,0.114,1,,,,,,,,,
Rreb1,1.281460063,0.000236997,0.357788517,0.775,0.808,1,,,,,,,,,
Zmynd15,1.279423199,0.098403123,0.355493549,0.247,0.231,1,,,,,,,,,
Rhoq,1.279397883,0.279961602,0.355465001,0.279,0.276,1,,,,,,,,,
Aff4,1.278631021,0.009033811,0.354600001,0.476,0.463,1,,,,,,,,,
Ldlrad4,1.277079897,0.275413224,0.352848786,0.616,0.692,1,,,,,,,,,
4930599N23Rik,1.275503657,0.118067136,0.351067036,0.227,0.208,1,,,,,,,,,
Tcf4,1.27507767,0.000748806,0.35058513,0.748,0.778,1,,,,,,,,,
Coq10b,1.272708062,0.08348665,0.347901527,0.155,0.127,1,,,,,,,,,
Ski,1.271977625,0.05219063,0.347073293,0.412,0.406,1,,,,,,,,,
Chsy1,1.271442128,0.067361993,0.346465796,0.298,0.284,1,,,,,,,,,
Gm43813,1.27100023,0.011703651,0.345964291,0.205,0.159,1,,,,,,,,,
Tdrd7,1.270829911,0.035738369,0.345770952,0.231,0.2,1,,,,,,,,,
Sipa1l2,1.270761609,0.000576303,0.34569341,0.182,0.116,1,,,,,,,,,
Crlf3,1.269967441,0.007508093,0.344791511,0.546,0.563,1,,,,,,,,,
Coro2a,1.269707534,0.121203412,0.344496223,0.47,0.488,1,,,,,,,,,
Atox1,1.269558585,0.028677565,0.344326972,0.237,0.2,1,,,,,,,,,
Itgam,1.269389519,0.082641879,0.344134836,0.321,0.3,1,,,,,,,,,
Ston2,1.269211452,0.064996271,0.343932444,0.22,0.19,1,,,,,,,,,
Mgat5,1.26877535,0.003280177,0.343436648,0.636,0.639,1,,,,,,,,,
Acss1,1.268386907,0.830295604,0.342994891,0.305,0.327,1,,,,,,,,,
Camkk2,1.268293737,0.006118104,0.342888913,0.167,0.118,1,,,,,,,,,
Fam107b,1.267949785,0.200421024,0.342497611,0.294,0.363,1,,,,,,,,,
Pstpip2,1.266833592,0.270992569,0.341227028,0.2,0.188,1,,,,,,,,,
Adam33,1.266472179,0.077528032,0.340815385,0.108,0.082,1,,,,,,,,,
Jade2,1.266213596,0.174532219,0.340520792,0.244,0.233,1,,,,,,,,,
B4galt5,1.265239643,0.010030725,0.339410664,0.384,0.361,1,,,,,,,,,
Slc25a12,1.26459822,0.142827347,0.338679094,0.368,0.373,1,,,,,,,,,
Myo1c,1.26456351,0.074876581,0.338639496,0.212,0.186,1,,,,,,,,,
Slc38a9,1.264560908,0.07266175,0.338636527,0.379,0.38,1,,,,,,,,,
Cept1,1.263043764,0.008370191,0.336904629,0.549,0.582,1,,,,,,,,,
Plek,1.261491329,0.098748443,0.33513029,0.35,0.343,1,,,,,,,,,
Washc2,1.261397769,0.056039197,0.335023287,0.34,0.333,1,,,,,,,,,
BC028528,1.261083823,0.021486982,0.334664173,0.188,0.149,1,,,,,,,,,
Ntpcr,1.260824001,0.036444347,0.334366903,0.163,0.129,1,,,,,,,,,
Soga1,1.26052192,0.046872497,0.334021207,0.278,0.247,1,,,,,,,,,
Blnk,1.260337463,0.013583643,0.333810075,0.494,0.48,1,,,,,,,,,
Fcer1g,1.260284156,0.173383318,0.333749055,0.244,0.237,1,,,,,,,,,
Ms4a6b,1.260155602,0.147371959,0.333601886,0.424,0.463,1,,,,,,,,,
Ncoa1,1.259464522,0.158487989,0.332810483,0.612,0.702,1,,,,,,,,,
Tgfbi,1.258537987,0.164948632,0.331748763,0.323,0.324,1,,,,,,,,,
Milr1,1.258469275,0.037845332,0.331669994,0.132,0.1,1,,,,,,,,,
Tet3,1.25800915,0.002614154,0.331142416,0.6,0.592,1,,,,,,,,,
Sh3bp5,1.257865351,0.127517859,0.330977496,0.165,0.143,1,,,,,,,,,
Pi4kb,1.257264449,0.068326916,0.330288133,0.254,0.229,1,,,,,,,,,
Nrip1,1.25653638,0.16080781,0.329452441,0.432,0.433,1,,,,,,,,,
Klf3,1.255754225,0.117488165,0.328554129,0.322,0.314,1,,,,,,,,,
Fam110b,1.255739983,0.028945674,0.328537766,0.123,0.088,1,,,,,,,,,
Acer3,1.255610647,7.81E-05,0.328389167,0.791,0.78,1,,,,,,,,,
Lncpint,1.255556296,0.018908293,0.328326717,0.708,0.722,1,,,,,,,,,
Mtss1,1.254890857,0.287935022,0.327561892,0.412,0.408,1,,,,,,,,,
Ndufa7,1.254474728,0.004985475,0.327083407,0.12,0.076,1,,,,,,,,,
Cmip,1.254356982,2.07E-05,0.326947988,0.846,0.857,0.667463421,,,,,,,,,
Eed,1.253918172,0.043504187,0.326443204,0.245,0.216,1,,,,,,,,,
Pdxk,1.25324199,0.022809044,0.325665014,0.128,0.092,1,,,,,,,,,
Cmklr1,1.253082483,0.087401693,0.325481382,0.247,0.224,1,,,,,,,,,
Arpc3,1.252326785,0.556974612,0.324611072,0.218,0.233,1,,,,,,,,,
Deptor,1.252168345,0.998693953,0.324428535,0.282,0.302,1,,,,,,,,,
Uqcrc1,1.251570292,0.030450829,0.323739319,0.158,0.125,1,,,,,,,,,
Stard8,1.251358762,0.123553099,0.323495467,0.22,0.198,1,,,,,,,,,
Gm16337,1.250365235,0.004217816,0.322349572,0.115,0.071,1,,,,,,,,,
Sipa1l1,1.249838543,0.475676094,0.321741736,0.428,0.451,1,,,,,,,,,
Fyb,1.249580715,0.000215266,0.321444093,0.878,0.888,1,,,,,,,,,
Ttpal,1.2484485,0.002452601,0.320136309,0.122,0.075,1,,,,,,,,,
Myh9,1.247909416,0.360258552,0.319513215,0.576,0.639,1,,,,,,,,,
H3f3b,1.247427863,0.706934837,0.318956389,0.407,0.437,1,,,,,,,,,
Gpx3,1.246990458,0.549298341,0.318450425,0.255,0.288,1,,,,,,,,,
Sbf2,1.246870426,0.855259142,0.318311549,0.572,0.676,1,,,,,,,,,
Aopep,1.245876297,0.434163763,0.317160831,0.511,0.588,1,,,,,,,,,
Ppp1r21,1.245407954,0.036853329,0.316618399,0.534,0.549,1,,,,,,,,,
Arap1,1.244640734,0.05742806,0.315729368,0.263,0.237,1,,,,,,,,,
Il18,1.243815852,0.044371704,0.314772909,0.183,0.151,1,,,,,,,,,
Trim14,1.243707649,0.127879753,0.314647399,0.426,0.439,1,,,,,,,,,
Il6ra,1.242369347,0.00200905,0.313094139,0.564,0.545,1,,,,,,,,,
Slc3a2,1.242347608,0.330402151,0.313068896,0.179,0.171,1,,,,,,,,,
Adam22,1.241616818,0.246036881,0.312220005,0.298,0.29,1,,,,,,,,,
Prkcb,1.239181128,0.000112257,0.309387078,0.847,0.851,1,,,,,,,,,
Mrtfa,1.239146752,0.167723137,0.309347056,0.615,0.641,1,,,,,,,,,
Tmem189,1.23878283,0.449218139,0.308923292,0.24,0.241,1,,,,,,,,,
Sash1,1.238698998,0.354299719,0.308825657,0.299,0.296,1,,,,,,,,,
Cds1,1.238507388,0.035850058,0.308602475,0.2,0.165,1,,,,,,,,,
Pfkfb4,1.238486402,0.054302453,0.308578029,0.267,0.243,1,,,,,,,,,
Gm26827,1.238373946,0.266780295,0.308447024,0.286,0.282,1,,,,,,,,,
Rab20,1.237287344,0.585572176,0.307180586,0.112,0.108,1,,,,,,,,,
Arpc1a,1.237214835,0.066213657,0.307096038,0.159,0.133,1,,,,,,,,,
Dock1,1.236053119,0.021687484,0.305740744,0.567,0.58,1,,,,,,,,,
Atp6v0d1,1.234430591,0.069877599,0.30384572,0.276,0.247,1,,,,,,,,,
Camk1,1.233440186,0.06203182,0.302687755,0.197,0.165,1,,,,,,,,,
Gpcpd1,1.233032957,0.64763699,0.302211361,0.411,0.445,1,,,,,,,,,
Skil,1.232886017,0.201927962,0.302039425,0.35,0.351,1,,,,,,,,,
Axl,1.232660372,0.224672682,0.301775356,0.314,0.322,1,,,,,,,,,
Cebpg,1.232346994,0.136003375,0.301408535,0.229,0.212,1,,,,,,,,,
Map3k5,1.23203195,0.138589087,0.301039669,0.653,0.678,1,,,,,,,,,
Fndc3b,1.231960724,0.092081118,0.300956263,0.544,0.575,1,,,,,,,,,
Jpt1,1.231415493,0.298321719,0.300317624,0.148,0.137,1,,,,,,,,,
Dock4,1.23085923,0.000823257,0.299665774,0.836,0.843,1,,,,,,,,,
Rasal2,1.23074335,0.556805199,0.299529945,0.428,0.469,1,,,,,,,,,
Bicral,1.230165764,0.230806791,0.298852731,0.249,0.241,1,,,,,,,,,
Wwox,1.230148549,0.073341316,0.298832541,0.487,0.612,1,,,,,,,,,
BE692007,1.229681994,0.229800034,0.298285271,0.197,0.188,1,,,,,,,,,
Bcl2a1b,1.228467227,0.129405986,0.29685937,0.16,0.137,1,,,,,,,,,
Sp100,1.228427897,0.055560244,0.29681318,0.553,0.62,1,,,,,,,,,
Chchd10,1.226949831,0.395197082,0.29507626,0.173,0.167,1,,,,,,,,,
Tnfsf13b,1.226309326,0.148923161,0.294322932,0.154,0.133,1,,,,,,,,,
Mar-03,1.226190141,0.805044753,0.294182711,0.243,0.269,1,,,,,,,,,
Reps2,1.225503513,0.57869832,0.29337462,0.146,0.143,1,,,,,,,,,
Smox,1.225055659,0.052517825,0.292847298,0.103,0.075,1,,,,,,,,,
Ncf4,1.224330364,0.261923842,0.291992896,0.153,0.139,1,,,,,,,,,
Sgms1,1.223990024,0.271690094,0.2915918,0.442,0.512,1,,,,,,,,,
Etfb,1.223076745,0.000403311,0.290514932,0.125,0.067,1,,,,,,,,,
Slc2a3,1.222998971,0.27856505,0.29042319,0.181,0.171,1,,,,,,,,,
Fubp3,1.222621254,0.027575033,0.289977552,0.118,0.084,1,,,,,,,,,
Tnfsf12,1.222040472,0.00751896,0.289292065,0.105,0.065,1,,,,,,,,,
Dhrs3,1.221977524,0.358954841,0.28921775,0.286,0.29,1,,,,,,,,,
Fam129a,1.221805531,0.058935963,0.289014677,0.643,0.663,1,,,,,,,,,
Coro1c,1.221676585,0.121014168,0.288862411,0.277,0.263,1,,,,,,,,,
Kctd12,1.221173778,0.321084679,0.288268516,0.226,0.222,1,,,,,,,,,
Tyrobp,1.22005744,0.396727237,0.286949071,0.171,0.169,1,,,,,,,,,
P2ry6,1.219772836,0.104336932,0.286612493,0.44,0.459,1,,,,,,,,,
Spryd7,1.219498735,0.08904677,0.286288262,0.105,0.08,1,,,,,,,,,
Pip5k1c,1.217234183,0.289297493,0.283606754,0.235,0.229,1,,,,,,,,,
Atp1b3,1.216956651,0.657520348,0.283277779,0.207,0.216,1,,,,,,,,,
Cyfip1,1.216217661,0.184714635,0.282401445,0.513,0.551,1,,,,,,,,,
Rab11fip5,1.215671581,0.073818743,0.281753531,0.11,0.084,1,,,,,,,,,
Dnm2,1.215421354,0.143755813,0.281456544,0.47,0.502,1,,,,,,,,,
Uqcrh,1.214064056,0.279734572,0.279844543,0.211,0.196,1,,,,,,,,,
Ubp1,1.213373325,0.280334331,0.2790235,0.303,0.31,1,,,,,,,,,
Osbpl11,1.213175919,0.222041414,0.278788766,0.302,0.294,1,,,,,,,,,
Kcnk13,1.212692032,0.109664369,0.278213219,0.383,0.373,1,,,,,,,,,
Isy1,1.212225274,0.092827981,0.277657828,0.112,0.088,1,,,,,,,,,
Prkar2a,1.211373468,0.267209727,0.276643718,0.167,0.155,1,,,,,,,,,
Slc25a28,1.211241301,0.076787618,0.276486305,0.128,0.102,1,,,,,,,,,
Snx5,1.210701213,0.236844539,0.275842869,0.52,0.571,1,,,,,,,,,
Mbnl2,1.210618568,0.000118635,0.275744383,0.872,0.876,1,,,,,,,,,
Slc25a3,1.210559315,0.293494958,0.27567377,0.329,0.322,1,,,,,,,,,
Spire1,1.209768454,0.442134935,0.274730946,0.284,0.292,1,,,,,,,,,
E330020D12Rik,1.209617068,0.222349394,0.274550402,0.13,0.116,1,,,,,,,,,
Grb2,1.209138144,0.02902487,0.273979082,0.66,0.71,1,,,,,,,,,
Nrg2,1.208910387,0.35304064,0.273707306,0.322,0.324,1,,,,,,,,,
Ago4,1.208810964,0.199261855,0.273588651,0.169,0.151,1,,,,,,,,,
Nav2,1.20869418,0.614192396,0.273449265,0.39,0.435,1,,,,,,,,,
Zfp869,1.208217177,0.154060748,0.272879803,0.122,0.102,1,,,,,,,,,
Calm2,1.207658949,0.703494691,0.272213086,0.261,0.294,1,,,,,,,,,
Pacs2,1.207372937,0.223239744,0.271871369,0.342,0.345,1,,,,,,,,,
Def6,1.207036461,0.720932729,0.271469256,0.119,0.12,1,,,,,,,,,
Trim30a,1.205736966,0.127609439,0.269915215,0.544,0.576,1,,,,,,,,,
2310058D17Rik,1.205629367,0.120183275,0.269786464,0.105,0.084,1,,,,,,,,,
Hs3st3a1,1.205537262,0.17602182,0.269676244,0.145,0.124,1,,,,,,,,,
Erlin1,1.205391443,0.714702877,0.269501728,0.202,0.233,1,,,,,,,,,
Zfyve28,1.205361272,0.036026652,0.269465617,0.104,0.073,1,,,,,,,,,
Nmt1,1.205240071,0.48905092,0.269320544,0.259,0.271,1,,,,,,,,,
Gm20513,1.204754988,0.134317622,0.268739774,0.224,0.21,1,,,,,,,,,
Golim4,1.204661853,0.306829755,0.26862824,0.162,0.149,1,,,,,,,,,
Galnt10,1.204464541,0.669357224,0.268391922,0.433,0.48,1,,,,,,,,,
Tacc1,1.204463604,0.198748641,0.2683908,0.617,0.663,1,,,,,,,,,
Sla,1.204273018,0.071920642,0.2681625,0.514,0.52,1,,,,,,,,,
Comt,1.204165519,0.4535953,0.268033712,0.305,0.318,1,,,,,,,,,
Mta3,1.204092101,0.205581487,0.267945748,0.464,0.502,1,,,,,,,,,
Rtf2,1.20398418,0.026803384,0.267816436,0.142,0.106,1,,,,,,,,,
Ube2z,1.203489551,0.321704189,0.267223616,0.114,0.104,1,,,,,,,,,
Nfkbia,1.202719389,0.056426322,0.266300082,0.153,0.124,1,,,,,,,,,
Dlc1,1.20225127,0.316826879,0.26573845,0.263,0.312,1,,,,,,,,,
Zfp608,1.202227893,0.384713269,0.265710398,0.391,0.398,1,,,,,,,,,
Ggta1,1.202195976,0.239838946,0.265672096,0.362,0.375,1,,,,,,,,,
Dgkz,1.201893948,0.338189469,0.265309603,0.331,0.345,1,,,,,,,,,
Bend6,1.201535065,0.058524775,0.264878752,0.11,0.08,1,,,,,,,,,
Fgf13,1.201497085,6.91E-06,0.264833149,0.121,0.229,0.222989458,,,,,,,,,
Kitl,1.201208027,0.281416479,0.264486021,0.115,0.1,1,,,,,,,,,
4933434E20Rik,1.201194462,0.38473411,0.264469728,0.165,0.157,1,,,,,,,,,
Rnf149,1.201047195,0.838601087,0.264292843,0.287,0.312,1,,,,,,,,,
Birc3,1.200699175,0.02009787,0.263874742,0.551,0.541,1,,,,,,,,,
Npc2,1.200499053,0.623340521,0.263634265,0.26,0.278,1,,,,,,,,,
Irf2,1.20048189,0.013010441,0.26361364,0.716,0.745,1,,,,,,,,,
Actr1a,1.200070368,0.167267792,0.263119003,0.144,0.124,1,,,,,,,,,
Unk,1.199739051,0.112185697,0.262720646,0.206,0.182,1,,,,,,,,,
Cd48,1.199605731,0.584611869,0.262560319,0.338,0.376,1,,,,,,,,,
Ywhah,1.199249607,0.327028996,0.262131967,0.184,0.176,1,,,,,,,,,
Tnip2,1.198937393,0.05541593,0.261756325,0.188,0.155,1,,,,,,,,,
Dapp1,1.198582274,0.747174507,0.261328943,0.482,0.58,1,,,,,,,,,
Tmem104,1.197842758,0.047185425,0.260438537,0.206,0.169,1,,,,,,,,,
Cxcl16,1.197572828,0.103535515,0.260113393,0.355,0.339,1,,,,,,,,,
Zfp36l2,1.197169894,0.411960243,0.259627904,0.266,0.325,1,,,,,,,,,
St6gal1,1.197007593,0.779037261,0.259432304,0.351,0.402,1,,,,,,,,,
Fnbp1,1.196779845,0.000915493,0.259157785,0.897,0.904,1,,,,,,,,,
Celf2,1.196142929,0.00200198,0.25838979,0.853,0.914,1,,,,,,,,,
Cd93,1.195539454,0.064374525,0.257661741,0.134,0.106,1,,,,,,,,,
Fli1,1.195108799,0.01151714,0.257141962,0.732,0.786,1,,,,,,,,,
Hck,1.194973227,0.24758869,0.256978296,0.575,0.624,1,,,,,,,,,
Cfh,1.194619956,0.293042437,0.256551727,0.477,0.496,1,,,,,,,,,
Tgfb1,1.194312821,0.621766838,0.256180765,0.22,0.227,1,,,,,,,,,
Etv6,1.194209909,8.51E-06,0.256056445,0.945,0.945,0.274617118,,,,,,,,,
Pygb,1.193655241,0.185563618,0.255386209,0.159,0.141,1,,,,,,,,,
Jun,1.193548102,0.006725611,0.25525671,0.114,0.071,1,,,,,,,,,
Pdpk1,1.193477123,0.819668059,0.255170912,0.342,0.394,1,,,,,,,,,
Pura,1.192662033,0.510390939,0.254185282,0.252,0.263,1,,,,,,,,,
Hs6st1,1.192265119,0.147909187,0.253705078,0.182,0.157,1,,,,,,,,,
Gm8369,1.19181982,0.683963394,0.253166144,0.114,0.114,1,,,,,,,,,
Gm26510,1.191695147,0.220697686,0.25301522,0.26,0.249,1,,,,,,,,,
Sep-08,1.191540088,0.087570135,0.25282749,0.103,0.078,1,,,,,,,,,
Trpv2,1.19074551,0.558760959,0.251865108,0.166,0.167,1,,,,,,,,,
Apba1,1.19059431,0.277712764,0.251681905,0.416,0.41,1,,,,,,,,,
Eif2ak4,1.190520696,0.126343277,0.251592701,0.211,0.188,1,,,,,,,,,
Dip2c,1.190391183,0.804413423,0.251435746,0.381,0.427,1,,,,,,,,,
Ndst1,1.189904565,0.5352454,0.250845868,0.169,0.167,1,,,,,,,,,
Cradd,1.189843243,0.747826656,0.250771517,0.312,0.331,1,,,,,,,,,
Tmco4,-1.189494733,5.49E-05,-0.250348883,0.121,0.206,1,,,,,,,,,
Hpf1,-1.189501743,0.000126786,-0.250357385,0.095,0.165,1,,,,,,,,,
Tbc1d19,-1.189700298,3.48E-06,-0.250598185,0.071,0.147,0.112233406,,,,,,,,,
Chrm3,-1.190040358,1.13E-05,-0.2510105,0.047,0.11,0.364801565,,,,,,,,,
Herc2,-1.19130039,7.08E-06,-0.252537239,0.324,0.471,0.228320168,,,,,,,,,
Tbc1d8b,-1.191740341,2.93E-06,-0.253069933,0.05,0.118,0.094678537,,,,,,,,,
Ifi209,-1.191789362,0.000121475,-0.253129275,0.107,0.186,1,,,,,,,,,
Efr3a,-1.191852007,2.70E-06,-0.253205107,0.24,0.375,0.086986058,,,,,,,,,
Gbp7,-1.191927945,2.37E-05,-0.253297024,0.075,0.147,0.764673138,,,,,,,,,
Rad21,-1.192027088,6.60E-06,-0.253417021,0.141,0.241,0.212825127,,,,,,,,,
Zbtb37,-1.192482092,1.25E-05,-0.253967601,0.082,0.161,0.403209356,,,,,,,,,
Rps9,-1.193855888,0.000611086,-0.255628698,0.311,0.404,1,,,,,,,,,
Dbnl,-1.193882882,3.05E-05,-0.255661317,0.088,0.163,0.985381531,,,,,,,,,
Rapgef6,-1.194216756,7.85E-06,-0.256064716,0.454,0.639,0.253129967,,,,,,,,,
Icam1,-1.194493197,0.000598273,-0.256398637,0.108,0.175,1,,,,,,,,,
5031425E22Rik,-1.194497264,2.92E-06,-0.256403549,0.268,0.402,0.094173363,,,,,,,,,
Pdia3,-1.194624272,3.22E-06,-0.256556939,0.25,0.382,0.104036105,,,,,,,,,
Ap1s3,-1.194756861,4.46E-05,-0.256717053,0.127,0.214,1,,,,,,,,,
Polb,-1.195055167,0.001214738,-0.257077218,0.195,0.269,1,,,,,,,,,
Hpgd,-1.195387185,4.64E-05,-0.257477981,0.169,0.269,1,,,,,,,,,
Ibtk,-1.195700012,0.000308182,-0.257855479,0.113,0.182,1,,,,,,,,,
Rps4x,-1.196037179,0.00091815,-0.258262236,0.182,0.253,1,,,,,,,,,
Syncrip,-1.197723077,3.05E-05,-0.260294384,0.334,0.463,0.983958101,,,,,,,,,
Tmem123,-1.197874311,0.008001619,-0.260476539,0.163,0.231,1,,,,,,,,,
Pcmt1,-1.197995669,6.18E-06,-0.260622693,0.16,0.269,0.199531168,,,,,,,,,
Runx2,-1.19817337,0.001866386,-0.260836674,0.214,0.3,1,,,,,,,,,
Tgfbr3,-1.198253148,2.65E-06,-0.260932731,0.038,0.1,0.08554852,,,,,,,,,
Dnajb11,-1.198973491,2.53E-06,-0.261799762,0.07,0.149,0.081563767,,,,,,,,,
Dnaja1,-1.19922764,7.99E-06,-0.26210554,0.225,0.345,0.257703541,,,,,,,,,
Caap1,-1.199342001,2.41E-05,-0.262243112,0.134,0.224,0.777884508,,,,,,,,,
Sfxn5,-1.199474359,0.000538964,-0.262402317,0.125,0.194,1,,,,,,,,,
Rbm25,-1.199537352,3.08E-06,-0.262478082,0.623,0.767,0.099443194,,,,,,,,,
Mindy3,-1.199827116,2.62E-06,-0.262826542,0.228,0.363,0.084470513,,,,,,,,,
Arhgef6,-1.200232423,3.13E-06,-0.263313809,0.308,0.473,0.100914995,,,,,,,,,
Cenpp,-1.200450858,0.019939477,-0.263576346,0.067,0.102,1,,,,,,,,,
Capza2,-1.200617226,5.25E-06,-0.263776273,0.339,0.494,0.169422012,,,,,,,,,
Tmem30a,-1.200807836,8.45E-06,-0.264005296,0.189,0.294,0.272705682,,,,,,,,,
Creb1,-1.201703189,7.12E-06,-0.265080606,0.381,0.531,0.229705118,,,,,,,,,
Tbc1d1,-1.202325667,2.29E-06,-0.265827724,0.453,0.604,0.073895443,,,,,,,,,
Nlrc5,-1.203224505,9.96E-05,-0.266905855,0.432,0.582,1,,,,,,,,,
Krcc1,-1.204060351,9.71E-05,-0.267907706,0.242,0.353,1,,,,,,,,,
Gpr155,-1.205014479,0.000127487,-0.269050482,0.093,0.167,1,,,,,,,,,
Selenop,-1.205532231,0.000381803,-0.269670223,0.338,0.443,1,,,,,,,,,
Npm1,-1.205608885,2.80E-06,-0.269761954,0.2,0.325,0.090354222,,,,,,,,,
Samsn1,-1.205660821,0.007231813,-0.269824103,0.115,0.171,1,,,,,,,,,
Trpm7,-1.205856637,5.85E-06,-0.270058397,0.447,0.592,0.188895356,,,,,,,,,
Fryl,-1.205950453,6.19E-06,-0.270170635,0.437,0.588,0.199710353,,,,,,,,,
Nck1,-1.206003158,6.18E-06,-0.270233684,0.169,0.28,0.199312658,,,,,,,,,
Sgpp1,-1.206238689,0.000174178,-0.270515414,0.15,0.225,1,,,,,,,,,
Ppip5k2,-1.2069855,0.000521151,-0.271408345,0.159,0.239,1,,,,,,,,,
Abi2,-1.208190001,0.000198991,-0.272847352,0.097,0.163,1,,,,,,,,,
Sinhcaf,-1.208711734,7.30E-06,-0.273470217,0.052,0.12,0.235498386,,,,,,,,,
Tmem131l,-1.209008486,0.0001045,-0.273824371,0.408,0.565,1,,,,,,,,,
Irf8,-1.209128727,0.000979195,-0.273967846,0.321,0.435,1,,,,,,,,,
Pgm1,-1.209930907,1.27E-05,-0.274924664,0.063,0.131,0.410035494,,,,,,,,,
Ubap1,-1.210092394,8.92E-05,-0.275117205,0.13,0.21,1,,,,,,,,,
Ccdc82,-1.210172985,1.60E-06,-0.275213285,0.174,0.298,0.051713563,,,,,,,,,
Pirb,-1.211097659,7.78E-06,-0.276315204,0.372,0.535,0.251127845,,,,,,,,,
Irf9,-1.211151043,1.34E-05,-0.276378795,0.105,0.19,0.431343159,,,,,,,,,
Cd44,-1.211399543,3.87E-06,-0.276674772,0.254,0.396,0.124770174,,,,,,,,,
Brwd1,-1.212332672,1.92E-05,-0.277785638,0.302,0.414,0.618393267,,,,,,,,,
Tbxas1,-1.214035707,0.001425792,-0.279810855,0.582,0.69,1,,,,,,,,,
Scyl2,-1.216156895,1.33E-05,-0.282329361,0.076,0.147,0.427574693,,,,,,,,,
Pnrc1,-1.216243128,1.63E-06,-0.282431653,0.099,0.186,0.052671479,,,,,,,,,
Tlr11,-1.217180553,4.24E-06,-0.283543189,0.044,0.11,0.136654139,,,,,,,,,
Mga,-1.217853714,1.42E-05,-0.284340851,0.338,0.469,0.457428424,,,,,,,,,
Arhgef18,-1.218534177,1.56E-05,-0.285146716,0.138,0.231,0.504544929,,,,,,,,,
Vav2,-1.220101101,3.62E-05,-0.287000699,0.249,0.359,1,,,,,,,,,
Atp11b,-1.225357338,2.62E-06,-0.293202529,0.193,0.312,0.084412254,,,,,,,,,
Fxr1,-1.231707705,3.58E-06,-0.300659932,0.336,0.473,0.115650802,,,,,,,,,
Sirpa,-1.233449305,0.000126109,-0.302698422,0.444,0.582,1,,,,,,,,,
Rps27a,-1.233481741,0.003953686,-0.302736359,0.271,0.325,1,,,,,,,,,
Tspan3,-1.234121522,2.50E-05,-0.303484461,0.106,0.186,0.805810122,,,,,,,,,
4930523C07Rik,-1.234897332,1.49E-05,-0.304391103,0.087,0.167,0.480902294,,,,,,,,,
Gtf2a1,-1.235377136,4.21E-05,-0.304951535,0.189,0.288,1,,,,,,,,,
Tle3,-1.237523881,4.92E-06,-0.307456366,0.063,0.135,0.158643743,,,,,,,,,
Plcb4,-1.2394281,1.98E-06,-0.309674582,0.085,0.171,0.063863943,,,,,,,,,
Birc2,-1.241663675,6.33E-06,-0.312274449,0.165,0.275,0.20416435,,,,,,,,,
Rnf217,-1.242912508,3.17E-06,-0.313724745,0.066,0.141,0.102231306,,,,,,,,,
Diaph3,-1.24335691,4.26E-05,-0.314240486,0.07,0.139,1,,,,,,,,,
Ahnak,-1.244346876,8.37E-06,-0.315388709,0.197,0.31,0.27014525,,,,,,,,,
Sdccag8,-1.245776621,7.62E-06,-0.317045403,0.468,0.624,0.245888576,,,,,,,,,
Slc46a3,-1.246300044,1.55E-05,-0.317651435,0.106,0.192,0.500865631,,,,,,,,,
Nfxl1,-1.249850436,0.000180728,-0.321755465,0.228,0.329,1,,,,,,,,,
Lrrc1,-1.250356183,0.000105392,-0.322339127,0.084,0.149,1,,,,,,,,,
Rnf115,-1.251920227,4.41E-06,-0.324142635,0.218,0.343,0.142363032,,,,,,,,,
Sulf2,-1.258198141,7.02E-05,-0.331359136,0.097,0.173,1,,,,,,,,,
Rplp1,-1.258744504,0.002052057,-0.331985479,0.224,0.294,1,,,,,,,,,
Zeb2,-1.260903777,2.17E-05,-0.334458184,0.867,0.902,0.700781791,,,,,,,,,
Stat1,-1.262056605,5.07E-06,-0.335776619,0.384,0.537,0.163513201,,,,,,,,,
Rpl13a,-1.264351813,0.000739583,-0.338397958,0.171,0.239,1,,,,,,,,,
Lrmda,-1.268486657,5.85E-05,-0.343108344,0.82,0.884,1,,,,,,,,,
Cdc14a,-1.269168851,0.000144614,-0.343884019,0.229,0.331,1,,,,,,,,,
Eef1a1,-1.2701707,4.07E-06,-0.345022396,0.515,0.627,0.131440005,,,,,,,,,
Tiam1,-1.270297591,2.70E-06,-0.345166514,0.105,0.2,0.08698897,,,,,,,,,
Ccr5,-1.270749009,0.000175456,-0.345679106,0.284,0.402,1,,,,,,,,,
Foxp4,-1.27451139,3.38E-06,-0.349944267,0.077,0.157,0.108966124,,,,,,,,,
Plxnc1,-1.277652777,0.00700061,-0.353495813,0.282,0.369,1,,,,,,,,,
Rps29,-1.28286192,6.14E-06,-0.359365896,0.35,0.463,0.19821725,,,,,,,,,
Rps18,-1.287629331,1.94E-05,-0.364717346,0.228,0.324,0.626809596,,,,,,,,,
Nuak1,-1.291372316,3.64E-05,-0.368905004,0.078,0.147,1,,,,,,,,,
Ly75,-1.297385637,1.76E-05,-0.375607373,0.044,0.104,0.567644004,,,,,,,,,
Slc8b1,-1.300342486,1.40E-05,-0.378891652,0.162,0.261,0.45271046,,,,,,,,,
Aebp2,-1.300472171,2.51E-06,-0.379035528,0.226,0.349,0.081083466,,,,,,,,,
Clnk,-1.303458257,0.000198012,-0.382344381,0.066,0.125,1,,,,,,,,,
Txnrd1,-1.311701958,2.21E-06,-0.391439951,0.133,0.227,0.07132013,,,,,,,,,
Rpl37,-1.319268588,1.61E-06,-0.399738311,0.172,0.275,0.052054843,,,,,,,,,
Anxa3,-1.328834882,0.0008389,-0.41016185,0.132,0.202,1,,,,,,,,,
Rps13,-1.330314747,5.80E-06,-0.411767622,0.145,0.235,0.187229993,,,,,,,,,
Cd274,-1.339285641,0.001282874,-0.42146369,0.087,0.143,1,,,,,,,,,
Rpl26,-1.404153342,2.13E-06,-0.489700495,0.261,0.367,0.068628534,,,,,,,,,
Sirpb1a,-1.415445972,5.38E-06,-0.501256682,0.211,0.322,0.173676423,,,,,,,,,
Arsb,-1.427958531,1.80E-06,-0.513954083,0.247,0.376,0.058010933,,,,,,,,,
