rownames.markers.,p_val,avg_log2FC,pct.1,pct.2,p_val_adj,fold,,up,down
Timp3,2.08E-41,1.425330857,0.924,0.916,6.71E-37,2.685760867,,105,423
Egr1,2.20E-42,1.386525355,0.577,0.257,7.08E-38,2.614482394,,,
Csrp1,4.42E-31,1.360244319,0.617,0.405,1.43E-26,2.567286525,,,
Serpine1,7.68E-26,1.289826044,0.303,0.092,2.48E-21,2.444985728,,,
Gem,9.30E-16,1.148412075,0.424,0.261,3.00E-11,2.216697758,,,
Pdlim5,1.46E-32,1.097410605,0.827,0.731,4.70E-28,2.139703069,,,
Thbs1,2.87E-21,1.091880014,0.322,0.134,9.26E-17,2.131516191,,,
Actb,1.23E-33,1.062597788,0.591,0.296,3.98E-29,2.088689134,,,
Acta2,1.93E-15,0.998486507,0.224,0.081,6.23E-11,1.997902954,,,
Myo1e,1.52E-15,0.97050486,0.628,0.498,4.89E-11,1.959526197,,,
Msrb3,2.39E-28,0.945489608,0.75,0.605,7.72E-24,1.92584235,,,
Tagln,9.15E-18,0.921488872,0.439,0.261,2.95E-13,1.894068978,,,
Clic4,1.16E-15,0.919601789,0.634,0.536,3.73E-11,1.891593106,,,
Tpm1,1.98E-20,0.900430526,0.766,0.646,6.37E-16,1.866622934,,,
Slit3,9.12E-08,0.889426044,0.375,0.273,0.002942619,1.852439011,,,
Fam129b,2.41E-17,0.87250202,0.449,0.263,7.76E-13,1.830835308,,,
Alpk1,1.20E-17,0.872328647,0.59,0.432,3.87E-13,1.830615304,,,
Nr4a3,2.14E-16,0.870042288,0.209,0.065,6.92E-12,1.827716474,,,
Lims1,4.53E-19,0.83086193,0.777,0.704,1.46E-14,1.778747748,,,
Samd4,9.79E-20,0.801479961,0.759,0.614,3.16E-15,1.742888119,,,
Nr4a1,4.05E-22,0.788937069,0.391,0.177,1.31E-17,1.727801005,,,
Myh9,1.09E-29,0.749824998,0.893,0.854,3.53E-25,1.681588838,,,
Rhoj,4.97E-08,0.746145791,0.759,0.697,0.001604455,1.67730586,,,
Rgs7,2.12E-12,0.737764504,0.172,0.057,6.83E-08,1.667589859,,,
Mt1,1.25E-09,0.73402551,0.317,0.2,4.02E-05,1.663273606,,,
Fmnl2,5.77E-12,0.731532796,0.882,0.874,1.86E-07,1.660402255,,,
Rasgef1b,3.41E-07,0.714106688,0.593,0.521,0.01101151,1.640467132,,,
Gm17501,3.49E-11,0.70825985,0.497,0.366,1.12E-06,1.633832232,,,
Rab31,4.06E-11,0.700860887,0.623,0.518,1.31E-06,1.625474459,,,
Pde4a,1.14E-11,0.696032489,0.436,0.296,3.69E-07,1.62004343,,,
Tbc1d1,8.10E-13,0.691176721,0.755,0.707,2.61E-08,1.614599915,,,
Olfr1033,4.89E-08,0.667963816,0.759,0.692,0.001578941,1.58882895,,,
Lima1,9.41E-18,0.664537188,0.809,0.731,3.03E-13,1.585059709,,,
Lmod1,9.00E-08,0.661957614,0.341,0.227,0.002904125,1.582228116,,,
Mamld1,3.32E-08,0.645379247,0.54,0.456,0.001069848,1.564150406,,,
Zbtb38,1.01E-15,0.641343032,0.765,0.689,3.26E-11,1.559780513,,,
Zbtb16,6.11E-37,0.639948009,0.979,0.974,1.97E-32,1.558273002,,,
Atp8b1,4.54E-10,0.63839874,0.462,0.326,1.46E-05,1.556600516,,,
Sh3bgrl,1.13E-06,0.637842641,0.609,0.571,0.036428326,1.556000626,,,
Pakap,5.70E-07,0.637391819,0.423,0.332,0.018380191,1.555514474,,,
Itgb1,8.58E-13,0.635382447,0.774,0.736,2.77E-08,1.553349476,,,
Rock2,2.24E-16,0.619239746,0.919,0.919,7.24E-12,1.536065511,,,
4930523C07Rik,6.73E-09,0.617845895,0.458,0.335,0.000217054,1.534582167,,,
9530026P05Rik,9.58E-15,0.617003993,0.875,0.854,3.09E-10,1.533686904,,,
Ppard,2.41E-10,0.614458888,0.454,0.318,7.77E-06,1.530983663,,,
Rapgef5,8.39E-08,0.611610444,0.71,0.652,0.002705949,1.527963885,,,
Fermt2,6.18E-14,0.610864357,0.84,0.818,1.99E-09,1.527173906,,,
Rbpms,6.78E-19,0.608021237,0.953,0.971,2.19E-14,1.524167267,,,
Tspan5,7.68E-07,0.603264336,0.585,0.511,0.024788307,1.519150009,,,
Btg2,5.64E-11,0.601327452,0.36,0.219,1.82E-06,1.517111849,,,
Bcl2l1,6.48E-10,0.599058763,0.668,0.58,2.09E-05,1.514728011,,,
Lrrc8a,2.93E-13,0.589120367,0.447,0.285,9.44E-09,1.504329256,,,
Coq10b,1.04E-10,0.587533987,0.409,0.276,3.37E-06,1.502676011,,,
Ano1,6.47E-07,0.581984036,0.153,0.074,0.020888602,1.496906423,,,
Errfi1,8.88E-12,0.581818948,0.833,0.856,2.86E-07,1.496735141,,,
Pde7b,9.50E-08,0.579466575,0.796,0.767,0.003065134,1.494296643,,,
Pakap.1,1.21E-12,0.56816298,0.854,0.842,3.92E-08,1.482634492,,,
Man2a1,6.29E-10,0.567908579,0.88,0.899,2.03E-05,1.482373072,,,
Acap2,2.07E-09,0.561581586,0.715,0.64,6.69E-05,1.475886303,,,
Abi3bp,1.50E-08,0.558567964,0.47,0.344,0.00048508,1.472806566,,,
Rora,4.25E-32,0.558058062,0.985,0.988,1.37E-27,1.472286114,,,
Vcl,3.63E-10,0.557233114,0.776,0.769,1.17E-05,1.471444486,,,
Rerg,8.81E-12,0.545983934,0.807,0.749,2.84E-07,1.460015752,,,
Snta1,6.44E-08,0.54357149,0.544,0.455,0.002078337,1.457576384,,,
Mt2,1.99E-09,0.542104207,0.228,0.117,6.43E-05,1.45609472,,,
Negr1,8.46E-09,0.53340865,0.703,0.602,0.000273058,1.447344795,,,
Relb,4.83E-08,0.532794458,0.275,0.165,0.001558695,1.446728754,,,
Stat3,2.00E-15,0.530524953,0.826,0.743,6.44E-11,1.444454694,,,
Gpc6,3.19E-10,0.527876718,0.827,0.757,1.03E-05,1.441805661,,,
Wwtr1,1.39E-06,0.521584579,0.67,0.637,0.044883358,1.435531093,,,
Abi1,1.61E-10,0.520979172,0.91,0.892,5.19E-06,1.434928819,,,
Ecm1,3.79E-07,0.52035495,0.392,0.288,0.012227034,1.434308091,,,
Sntb2,1.02E-08,0.515002767,0.628,0.523,0.000329961,1.428996881,,,
Mbnl2,1.17E-17,0.505284465,0.927,0.941,3.77E-13,1.419403201,,,
Jund,1.64E-09,0.500983246,0.259,0.143,5.30E-05,1.415177726,,,
Sparc,4.42E-08,0.488737569,0.48,0.372,0.00142651,1.403216453,,,
Rps12,3.99E-10,0.485383924,0.138,0.044,1.29E-05,1.399958367,,,
Top1,4.97E-09,0.474456254,0.749,0.719,0.00016044,1.389394464,,,
Nfkbiz,1.05E-06,0.469271722,0.463,0.356,0.033913733,1.384410436,,,
Zcchc14,5.47E-07,0.456033602,0.622,0.548,0.017634673,1.371765238,,,
Klhl2,6.10E-07,0.449770457,0.617,0.55,0.019666243,1.365822928,,,
1700016P03Rik,1.07E-10,0.447778877,0.172,0.065,3.46E-06,1.363938767,,,
Rabgef1,1.01E-06,0.44546942,0.425,0.32,0.032651841,1.361757129,,,
Pdlim7,8.15E-08,0.443676504,0.412,0.293,0.002630076,1.360065851,,,
Rem1,4.73E-08,0.43988562,0.476,0.354,0.001527328,1.356496777,,,
Lhfp,3.62E-07,0.428820553,0.813,0.814,0.011683577,1.346132622,,,
Fkbp5,2.07E-11,0.427818444,0.91,0.895,6.68E-07,1.345197911,,,
Tpm4,1.12E-06,0.423032833,0.553,0.468,0.035999995,1.340743104,,,
Ier2,8.05E-18,0.420057144,0.16,0.027,2.60E-13,1.33798055,,,
Rusc2,1.13E-07,0.419900696,0.476,0.369,0.003641602,1.337835465,,,
Tgfb1i1,2.01E-07,0.417216806,0.329,0.218,0.00648303,1.335348962,,,
Fosl2,7.30E-08,0.415958176,0.322,0.206,0.002354653,1.334184491,,,
Ttc28,1.99E-08,0.398382419,0.847,0.805,0.000641636,1.318029279,,,
Lmna,1.34E-06,0.377343637,0.234,0.144,0.043225829,1.298947963,,,
Zyx,1.12E-07,0.376350964,0.257,0.152,0.003603824,1.298054506,,,
Egr2,2.58E-07,0.354430238,0.122,0.048,0.008333724,1.278480572,,,
Apold1,1.54E-10,0.352555505,0.116,0.029,4.97E-06,1.276820309,,,
Dlgap4,4.69E-07,0.348251535,0.471,0.356,0.01513807,1.273016867,,,
Fos,3.44E-08,0.341359928,0.164,0.074,0.001111178,1.266950297,,,
Fchsd2,9.36E-09,0.340092912,0.821,0.809,0.000302058,1.265838113,,,
Wee1,1.80E-09,0.313345166,0.183,0.08,5.80E-05,1.242585536,,,
Cald1,4.23E-08,0.310649705,0.939,0.932,0.001364575,1.240266117,,,
Dbp,3.55E-07,0.286220263,0.164,0.08,0.011467116,1.219441258,,,
Gab2,1.57E-07,0.2744373,0.914,0.931,0.005072283,1.209522243,,,
Gstm1,4.23E-08,0.251875918,0.103,0.032,0.00136462,1.190754431,,,
Arpp19,3.51E-24,-0.250067652,0.008,0.126,1.13E-19,-1.189262881,,,
Aco2,2.36E-15,-0.250100647,0.166,0.342,7.61E-11,-1.189290081,,,
Vps13b,3.18E-07,-0.250667533,0.628,0.751,0.010276067,-1.189757487,,,
Rb1,5.15E-08,-0.2507756,0.421,0.557,0.001661876,-1.189846611,,,
Fgd4,9.68E-07,-0.250938829,0.372,0.491,0.031244248,-1.189981239,,,
Ptprf,1.00E-13,-0.251190997,0.05,0.159,3.24E-09,-1.190189254,,,
Dapk1,1.97E-09,-0.252099069,0.483,0.635,6.37E-05,-1.190938627,,,
Dleu2,2.05E-08,-0.252608403,0.482,0.649,0.000660004,-1.191359155,,,
Steap2,8.25E-12,-0.253027736,0.074,0.186,2.66E-07,-1.191705485,,,
Igfbp5,8.34E-11,-0.253537675,0.344,0.512,2.69E-06,-1.192126783,,,
Zfp608,4.24E-07,-0.255085838,0.442,0.566,0.01369449,-1.193406747,,,
Usp19,4.74E-16,-0.255457857,0.057,0.186,1.53E-11,-1.193714523,,,
Tlk1,1.41E-07,-0.257241731,0.338,0.465,0.004554047,-1.195191449,,,
Mapk4,1.68E-14,-0.258051111,0.074,0.206,5.41E-10,-1.195862162,,,
Gstz1,3.21E-20,-0.258460126,0.035,0.167,1.04E-15,-1.196201246,,,
Dop1a,4.16E-07,-0.258649463,0.348,0.459,0.013428309,-1.196358244,,,
Syne2,5.71E-07,-0.258838575,0.704,0.844,0.018417969,-1.196515076,,,
St8sia1,3.72E-12,-0.260095575,0.038,0.131,1.20E-07,-1.197558037,,,
Rnf128,2.65E-09,-0.260330789,0.104,0.213,8.54E-05,-1.1977533,,,
Tinag,5.86E-13,-0.260822062,0.034,0.128,1.89E-08,-1.198161234,,,
Arap1,5.48E-08,-0.262281418,0.082,0.167,0.001767702,-1.199373846,,,
Tpmt,2.27E-17,-0.262293337,0.016,0.116,7.31E-13,-1.199383755,,,
Rbm26,2.15E-07,-0.262555684,0.511,0.649,0.006948142,-1.199601877,,,
Idh2,2.12E-12,-0.262628035,0.059,0.168,6.84E-08,-1.199662038,,,
Eps8l2,2.96E-18,-0.262844638,0.012,0.11,9.55E-14,-1.199842166,,,
Fam169b,5.74E-14,-0.263998766,0.024,0.113,1.85E-09,-1.2008024,,,
Sh3d19,1.73E-09,-0.264383447,0.569,0.716,5.57E-05,-1.201122626,,,
AC149090.1,7.64E-09,-0.264469094,0.694,0.851,0.00024659,-1.201193934,,,
Hsd3b3,2.25E-12,-0.26493025,0.025,0.107,7.25E-08,-1.201577955,,,
Mlec,8.41E-14,-0.265369406,0.076,0.201,2.71E-09,-1.201943771,,,
Arap2,4.95E-07,-0.265643912,0.174,0.275,0.015958985,-1.20217249,,,
Arsb,5.48E-09,-0.265993337,0.125,0.236,0.000176683,-1.202463696,,,
Slc9a9,1.25E-06,-0.266451463,0.105,0.191,0.040243498,-1.202845597,,,
Ttc14,5.11E-08,-0.269282478,0.478,0.622,0.001649861,-1.205208271,,,
Ahcyl2,5.69E-09,-0.270825989,0.308,0.456,0.000183565,-1.206498389,,,
Cdr2,1.97E-14,-0.271771001,0.05,0.164,6.37E-10,-1.207288943,,,
Mccc1,9.35E-08,-0.272376089,0.138,0.236,0.003016644,-1.207795405,,,
Phyh,1.68E-18,-0.272621217,0.08,0.239,5.43E-14,-1.208000639,,,
Hacl1,3.21E-12,-0.273356132,0.027,0.11,1.04E-07,-1.208616156,,,
Adgrl4,4.10E-08,-0.275411947,0.138,0.248,0.001323914,-1.21033964,,,
Sgms2,7.42E-12,-0.275464284,0.144,0.285,2.39E-07,-1.210383549,,,
Dnajc13,8.60E-07,-0.275856271,0.444,0.559,0.027736983,-1.21071246,,,
Mcur1,1.78E-13,-0.276331101,0.054,0.167,5.74E-09,-1.211111004,,,
Npnt,3.60E-08,-0.276596384,0.127,0.233,0.001160267,-1.211333724,,,
Samd9l,2.90E-08,-0.277096131,0.163,0.272,0.000935292,-1.211753401,,,
Arhgef18,6.34E-09,-0.27833099,0.263,0.39,0.00020465,-1.212791031,,,
Kmt5c,9.48E-10,-0.278713563,0.063,0.155,3.06E-05,-1.213112682,,,
Lrrc28,1.73E-11,-0.278753887,0.157,0.296,5.57E-07,-1.213146589,,,
Glis1,2.35E-12,-0.279016613,0.084,0.209,7.58E-08,-1.213367532,,,
Tgfbr2,9.08E-07,-0.280118949,0.284,0.393,0.029282767,-1.214294998,,,
Klhl24,5.15E-10,-0.280706979,0.253,0.396,1.66E-05,-1.214790035,,,
Dusp11,1.58E-07,-0.281129838,0.293,0.41,0.005113422,-1.215146146,,,
Brd9,1.95E-07,-0.281821649,0.215,0.324,0.006296805,-1.215728981,,,
Hibadh,1.77E-10,-0.282218432,0.352,0.512,5.72E-06,-1.216063388,,,
Idh1,4.83E-15,-0.283008014,0.085,0.224,1.56E-10,-1.216729118,,,
Srsf6,1.42E-20,-0.283021544,0.07,0.233,4.58E-16,-1.216740529,,,
Slc12a6,2.52E-08,-0.283059091,0.376,0.526,0.000813462,-1.216772195,,,
Ncoa7,6.19E-11,-0.283571124,0.291,0.461,2.00E-06,-1.217204121,,,
Ptpn22,4.70E-10,-0.283755203,0.038,0.117,1.52E-05,-1.21735944,,,
Zfp697,1.10E-13,-0.28436138,0.142,0.297,3.54E-09,-1.217871044,,,
Gpc5,1.27E-07,-0.285030647,0.048,0.119,0.004086075,-1.218436146,,,
Kmo,2.46E-19,-0.286981041,0.007,0.101,7.94E-15,-1.220084477,,,
Amot,1.63E-07,-0.28710439,0.087,0.171,0.005256786,-1.220188797,,,
Naa16,9.28E-08,-0.287376399,0.279,0.399,0.002994919,-1.220418876,,,
Zfand6,7.84E-07,-0.287435672,0.419,0.538,0.025296946,-1.220469018,,,
Glb1,2.00E-10,-0.290135996,0.17,0.305,6.46E-06,-1.222755536,,,
Slc9a3,2.94E-08,-0.290434757,0.053,0.131,0.000949258,-1.223008777,,,
Klf15,1.71E-09,-0.29052536,0.147,0.264,5.52E-05,-1.223085586,,,
Arhgap5,2.13E-08,-0.290651972,0.489,0.647,0.000687052,-1.223192929,,,
Gm45792,3.64E-15,-0.290839659,0.05,0.17,1.17E-10,-1.22335207,,,
Gm16685,2.35E-11,-0.291371404,0.128,0.261,7.58E-07,-1.223803054,,,
Ctnna2,3.54E-16,-0.291760693,0.016,0.11,1.14E-11,-1.224133323,,,
B3gat2,8.73E-17,-0.291964597,0.032,0.143,2.82E-12,-1.224306348,,,
Cfap69,9.07E-10,-0.292080738,0.073,0.168,2.92E-05,-1.224404912,,,
Slc7a8,1.97E-12,-0.292291227,0.058,0.167,6.35E-08,-1.224583566,,,
Aatf,2.04E-08,-0.292565306,0.226,0.342,0.000658975,-1.224816231,,,
Pdzd2,5.49E-08,-0.293001946,0.423,0.565,0.001772668,-1.225186985,,,
Scin,8.83E-09,-0.29356144,0.059,0.144,0.000284953,-1.225662219,,,
Mff,1.02E-07,-0.29371832,0.233,0.342,0.003296185,-1.225795505,,,
Csad,9.66E-12,-0.294670416,0.101,0.225,3.12E-07,-1.226604727,,,
Kifc3,2.75E-11,-0.295353833,0.138,0.272,8.87E-07,-1.227185918,,,
Slc43a2,5.46E-10,-0.296036076,0.087,0.195,1.76E-05,-1.227766385,,,
Fam114a2,2.17E-08,-0.29683399,0.118,0.216,0.000701326,-1.228445616,,,
Smarca2,1.29E-09,-0.297054137,0.4,0.562,4.16E-05,-1.228633084,,,
Impa1,3.13E-10,-0.297435415,0.056,0.146,1.01E-05,-1.228957832,,,
Frmpd4,5.77E-11,-0.297828819,0.042,0.132,1.86E-06,-1.229292999,,,
Igsf11,4.74E-13,-0.298402094,0.036,0.131,1.53E-08,-1.229781572,,,
Prkcz,2.45E-21,-0.298670439,0.007,0.11,7.92E-17,-1.230010336,,,
Gas6,5.19E-11,-0.299358293,0.19,0.333,1.67E-06,-1.230596925,,,
Gpm6a,5.47E-12,-0.299477124,0.056,0.159,1.76E-07,-1.230698291,,,
Arhgap18,1.66E-08,-0.299929112,0.241,0.377,0.000536443,-1.231083921,,,
Msh3,1.40E-07,-0.300815302,0.192,0.297,0.004511547,-1.231840359,,,
Phip,1.73E-10,-0.300849914,0.547,0.706,5.58E-06,-1.231869913,,,
Ddrgk1,1.08E-25,-0.300893621,0.018,0.158,3.49E-21,-1.231907234,,,
Abcd3,1.59E-16,-0.302083409,0.168,0.357,5.11E-12,-1.232923605,,,
Numa1,3.15E-10,-0.302198257,0.302,0.45,1.02E-05,-1.233021758,,,
Acot12,1.15E-11,-0.302684195,0.025,0.104,3.70E-07,-1.233437142,,,
Ksr1,1.09E-06,-0.302791617,0.472,0.587,0.035030101,-1.233528986,,,
Pxmp4,2.67E-12,-0.30305671,0.09,0.212,8.63E-08,-1.233755666,,,
Clybl,1.55E-08,-0.303074603,0.233,0.369,0.000500461,-1.233770967,,,
Shank2,6.01E-07,-0.303139353,0.136,0.233,0.01940304,-1.233826342,,,
Agps,1.63E-08,-0.304090527,0.246,0.378,0.000524403,-1.234640076,,,
Cadm1,8.18E-16,-0.305027514,0.095,0.245,2.64E-11,-1.235442198,,,
Plxdc2,2.04E-07,-0.305142982,0.689,0.803,0.006594568,-1.235541083,,,
Nus1,1.59E-12,-0.306084413,0.172,0.323,5.14E-08,-1.236347598,,,
Slc17a1,3.59E-20,-0.307195204,0.016,0.129,1.16E-15,-1.23729988,,,
Hsph1,3.97E-30,-0.307476613,0.034,0.213,1.28E-25,-1.237541249,,,
Epb41,1.30E-09,-0.307596314,0.486,0.671,4.19E-05,-1.237643932,,,
Met,1.32E-10,-0.30817275,0.126,0.249,4.26E-06,-1.238138538,,,
Slc23a1,6.48E-22,-0.308810713,0.011,0.123,2.09E-17,-1.238686167,,,
Tpcn1,2.94E-09,-0.30886641,0.115,0.219,9.48E-05,-1.238733989,,,
Pign,1.49E-08,-0.309074959,0.261,0.389,0.000481025,-1.238913067,,,
Fut8,1.41E-10,-0.309743885,0.404,0.58,4.54E-06,-1.23948764,,,
Arhgap42,5.25E-09,-0.309912034,0.373,0.529,0.000169459,-1.239632113,,,
Rims2,8.37E-15,-0.311059741,0.044,0.155,2.70E-10,-1.24061867,,,
Akap9,1.29E-07,-0.311612294,0.501,0.613,0.004146602,-1.241093919,,,
Nedd4l,1.14E-14,-0.311749402,0.318,0.533,3.69E-10,-1.241211873,,,
Sh3tc2,2.09E-09,-0.312487323,0.055,0.14,6.75E-05,-1.2418469,,,
Itpr2,3.67E-07,-0.312622988,0.527,0.65,0.011835101,-1.241963684,,,
Ms4a4b,2.25E-14,-0.312844409,0.017,0.102,7.24E-10,-1.242154311,,,
Sh3rf1,5.54E-11,-0.313157203,0.568,0.737,1.79E-06,-1.242423655,,,
Ptprj,1.03E-07,-0.313580729,0.359,0.495,0.003311872,-1.242788441,,,
Mtor,1.16E-12,-0.313654545,0.181,0.342,3.75E-08,-1.242852031,,,
Acadm,6.70E-21,-0.314900533,0.105,0.291,2.16E-16,-1.243925887,,,
Lmbrd2,1.65E-08,-0.314910485,0.199,0.312,0.000532377,-1.243934468,,,
Nt5e,1.45E-07,-0.314973743,0.233,0.35,0.004679277,-1.243989013,,,
Kl,9.30E-22,-0.315496641,0.029,0.162,3.00E-17,-1.244439972,,,
Ablim1,4.72E-14,-0.315719618,0.232,0.414,1.52E-09,-1.244632323,,,
Acad11,5.01E-17,-0.315894011,0.051,0.179,1.62E-12,-1.244782783,,,
Zfp503,1.75E-19,-0.316472255,0.045,0.182,5.66E-15,-1.245281802,,,
Map7,1.93E-07,-0.316584267,0.208,0.315,0.006240145,-1.245378491,,,
Stx16,1.50E-11,-0.31706559,0.265,0.425,4.83E-07,-1.245794052,,,
Ppp2r3a,1.68E-08,-0.31804121,0.585,0.715,0.000543519,-1.246636803,,,
Slc25a3,3.48E-16,-0.319173749,0.149,0.329,1.12E-11,-1.247615818,,,
Tfcp2l1,7.45E-12,-0.319990807,0.095,0.222,2.40E-07,-1.248322594,,,
Hykk,2.97E-26,-0.321532628,0.003,0.12,9.58E-22,-1.249657401,,,
Fgfr2,3.07E-15,-0.322461315,0.32,0.539,9.89E-11,-1.250462086,,,
Tmem135,3.96E-09,-0.323051893,0.459,0.62,0.000127802,-1.250974077,,,
Kynu,9.79E-17,-0.323417776,0.025,0.129,3.16E-12,-1.251291377,,,
Ptprk,1.25E-09,-0.324073792,0.763,0.869,4.02E-05,-1.251860488,,,
Swt1,8.17E-07,-0.324560711,0.34,0.444,0.026367224,-1.25228307,,,
Etv1,1.45E-08,-0.324573846,0.055,0.134,0.000466966,-1.252294472,,,
Slc25a30,2.75E-17,-0.325708711,0.046,0.173,8.87E-13,-1.25327995,,,
Wdr72,9.60E-11,-0.326241475,0.093,0.207,3.10E-06,-1.253742852,,,
Epsti1,2.54E-08,-0.326324618,0.041,0.111,0.000819195,-1.253815107,,,
Vgll4,7.99E-11,-0.326653853,0.348,0.512,2.58E-06,-1.25410127,,,
Mpv17l,2.57E-16,-0.326749144,0.073,0.212,8.28E-12,-1.254184108,,,
Gpi1,4.15E-27,-0.328832323,0.05,0.23,1.34E-22,-1.255996394,,,
Snx7,5.51E-11,-0.330864083,0.15,0.282,1.78E-06,-1.257766472,,,
Maf,9.69E-10,-0.330988245,0.496,0.652,3.13E-05,-1.257874723,,,
C330002G04Rik,4.08E-15,-0.331066426,0.024,0.119,1.32E-10,-1.25794289,,,
Zfp706,1.09E-24,-0.33192904,0.011,0.135,3.50E-20,-1.258695262,,,
Cdk8,1.35E-11,-0.332188892,0.734,0.89,4.35E-07,-1.258921993,,,
Afap1l2,1.54E-06,-0.332855568,0.288,0.39,0.049547588,-1.259503881,,,
Nr3c1,1.49E-07,-0.33339132,0.508,0.626,0.004806622,-1.259971692,,,
Ugt3a2,1.92E-28,-0.334049358,0.012,0.155,6.18E-24,-1.260546517,,,
Castor2,5.52E-12,-0.334151559,0.071,0.179,1.78E-07,-1.260635818,,,
Cspp1,4.20E-13,-0.33426626,0.407,0.599,1.36E-08,-1.260736048,,,
Mpp1,7.04E-20,-0.334284502,0.024,0.141,2.27E-15,-1.260751989,,,
Fhod3,1.44E-09,-0.334451711,0.167,0.293,4.64E-05,-1.26089812,,,
Dnm3,9.75E-08,-0.334467447,0.254,0.386,0.003144591,-1.260911873,,,
Sox6,1.53E-08,-0.334808564,0.254,0.39,0.000494455,-1.261210043,,,
Pde7a,1.63E-09,-0.335184021,0.253,0.389,5.25E-05,-1.261538312,,,
Cpt1a,3.57E-10,-0.33521787,0.216,0.356,1.15E-05,-1.261567911,,,
Tprkb,2.52E-24,-0.335221934,0.017,0.149,8.12E-20,-1.261571465,,,
Rab11fip3,5.76E-07,-0.335638475,0.174,0.278,0.018571933,-1.261935764,,,
Arhgef3,2.82E-11,-0.335780164,0.578,0.749,9.09E-07,-1.262059706,,,
Cpeb3,7.29E-12,-0.336060076,0.307,0.482,2.35E-07,-1.262304595,,,
Pdcd4,1.32E-09,-0.336583705,0.296,0.441,4.26E-05,-1.262762834,,,
Galnt11,2.37E-14,-0.338192109,0.081,0.213,7.65E-10,-1.264171424,,,
Ivns1abp,6.88E-19,-0.338332414,0.028,0.147,2.22E-14,-1.264294373,,,
Stxbp6,1.89E-12,-0.338456431,0.099,0.227,6.10E-08,-1.264403059,,,
Dennd1b,2.79E-08,-0.338879998,0.44,0.559,0.000899727,-1.264774335,,,
Slc22a23,5.33E-15,-0.339452837,0.058,0.18,1.72E-10,-1.265276628,,,
Nceh1,5.97E-19,-0.341435377,0.073,0.228,1.93E-14,-1.267016557,,,
Cltrn,3.32E-23,-0.341461223,0.011,0.131,1.07E-18,-1.267039256,,,
Slc22a5,1.88E-11,-0.34166468,0.212,0.362,6.08E-07,-1.267217953,,,
Rbl2,2.99E-07,-0.34214841,0.188,0.285,0.009632206,-1.267642918,,,
Msra,3.35E-12,-0.342257848,0.233,0.402,1.08E-07,-1.267739081,,,
Rufy3,4.64E-11,-0.34270498,0.229,0.39,1.50E-06,-1.26813205,,,
Gm6999,4.17E-20,-0.343034657,0.027,0.15,1.35E-15,-1.26842187,,,
Dock5,3.09E-10,-0.344643043,0.11,0.219,9.98E-06,-1.269836756,,,
Nit1,7.15E-25,-0.344648408,0.025,0.167,2.31E-20,-1.269841479,,,
4931406C07Rik,2.99E-16,-0.344704777,0.111,0.269,9.65E-12,-1.269891094,,,
Nadk2,1.64E-13,-0.345001096,0.107,0.242,5.28E-09,-1.270151948,,,
Patj,1.33E-12,-0.345556295,0.205,0.369,4.29E-08,-1.27064084,,,
Abcc4,1.18E-07,-0.345780249,0.386,0.509,0.00379123,-1.270838101,,,
Fmo1,2.38E-20,-0.345815461,0.014,0.125,7.66E-16,-1.270869118,,,
Camk1d,3.86E-18,-0.349284262,0.887,0.973,1.25E-13,-1.27392846,,,
Cdcp1,3.12E-27,-0.349611474,0.008,0.138,1.01E-22,-1.274217427,,,
Ets1,1.07E-07,-0.349692076,0.541,0.631,0.003444312,-1.274288619,,,
Arhgap15,4.17E-07,-0.349807251,0.456,0.59,0.013439961,-1.274390353,,,
Osbpl9,8.50E-11,-0.350867963,0.499,0.668,2.74E-06,-1.275327667,,,
Abca3,1.07E-22,-0.351204017,0.074,0.251,3.46E-18,-1.27562477,,,
A1cf,5.10E-17,-0.35383594,0.055,0.186,1.65E-12,-1.277954029,,,
Dock8,3.97E-12,-0.355537243,0.233,0.398,1.28E-07,-1.27946195,,,
Myo6,3.61E-12,-0.356095805,0.416,0.595,1.16E-07,-1.279957409,,,
Hgf,4.56E-07,-0.356392802,0.244,0.351,0.014712845,-1.280220931,,,
Hnf1b,5.30E-12,-0.357331977,0.095,0.221,1.71E-07,-1.28105461,,,
Phldb2,1.47E-12,-0.357469914,0.588,0.766,4.73E-08,-1.281177098,,,
Exoc6,3.05E-14,-0.357715425,0.19,0.354,9.84E-10,-1.281395141,,,
P3h2,4.50E-07,-0.358408971,0.357,0.48,0.014532566,-1.282011294,,,
Ppp2r5e,6.72E-09,-0.358566511,0.465,0.622,0.000216743,-1.282151295,,,
Erbb4,1.79E-22,-0.359920253,0.13,0.353,5.77E-18,-1.283354956,,,
Sfxn1,5.99E-19,-0.359943394,0.102,0.273,1.93E-14,-1.283375541,,,
Sema4d,1.40E-18,-0.360317689,0.035,0.158,4.50E-14,-1.283708546,,,
Tmem106b,4.12E-20,-0.360715097,0.139,0.326,1.33E-15,-1.284062208,,,
Slc25a13,5.11E-15,-0.360847171,0.075,0.206,1.65E-10,-1.284179765,,,
Il15,8.90E-10,-0.361678487,0.178,0.302,2.87E-05,-1.284919953,,,
Angptl4,2.60E-19,-0.361682921,0.048,0.186,8.39E-15,-1.284923903,,,
Sestd1,1.97E-09,-0.361800244,0.252,0.387,6.35E-05,-1.2850284,,,
Slc25a51,2.08E-21,-0.362216422,0.045,0.191,6.72E-17,-1.285399149,,,
Cldn10,1.75E-17,-0.36309824,0.039,0.162,5.64E-13,-1.286185063,,,
Lurap1l,8.70E-09,-0.363660676,0.115,0.218,0.000280621,-1.286686582,,,
Adhfe1,1.98E-15,-0.364345994,0.103,0.254,6.40E-11,-1.287297936,,,
Clmn,5.94E-17,-0.365471169,0.082,0.233,1.92E-12,-1.288302307,,,
Gm10732,2.08E-18,-0.365828041,0.031,0.149,6.70E-14,-1.288621027,,,
Vdr,1.02E-11,-0.366785364,0.055,0.156,3.30E-07,-1.289476396,,,
Foxo1,2.46E-12,-0.367588405,0.394,0.58,7.92E-08,-1.290194351,,,
Ankrd33b,4.30E-10,-0.369112523,0.067,0.162,1.39E-05,-1.291558082,,,
Cep85,1.32E-19,-0.369825894,0.072,0.23,4.27E-15,-1.292196877,,,
Abhd17c,1.98E-24,-0.369950044,0.042,0.203,6.39E-20,-1.292308082,,,
Cobll1,1.07E-15,-0.369952912,0.357,0.589,3.45E-11,-1.29231065,,,
Spon1,1.26E-10,-0.37103156,0.741,0.829,4.08E-06,-1.293277223,,,
Tpk1,1.49E-10,-0.371050673,0.287,0.446,4.80E-06,-1.293294357,,,
Cat,1.77E-21,-0.371689741,0.039,0.18,5.70E-17,-1.293867371,,,
Aldh9a1,1.55E-32,-0.373331034,0.004,0.15,5.01E-28,-1.295340187,,,
Pax2,1.75E-09,-0.373616257,0.13,0.246,5.66E-05,-1.295596303,,,
Lpin1,4.88E-11,-0.37495157,0.247,0.402,1.58E-06,-1.296796021,,,
Wwp1,1.03E-09,-0.376499313,0.371,0.52,3.34E-05,-1.298187989,,,
Map2k6,4.42E-11,-0.377526789,0.128,0.251,1.43E-06,-1.299112877,,,
Srsf2,2.19E-20,-0.378112596,0.02,0.138,7.06E-16,-1.29964049,,,
Tmem117,3.58E-07,-0.3788666,0.095,0.182,0.011559058,-1.300319906,,,
Nhs,5.33E-07,-0.378893458,0.446,0.572,0.017192841,-1.300344114,,,
Nuak1,2.38E-09,-0.380685845,0.201,0.324,7.67E-05,-1.30196065,,,
Gramd3,2.41E-08,-0.383225762,0.253,0.378,0.000778267,-1.304254817,,,
Ppp1r16b,1.64E-19,-0.384625456,0.054,0.201,5.28E-15,-1.305520812,,,
Phactr2,9.41E-11,-0.384778317,0.392,0.562,3.04E-06,-1.305659145,,,
Col4a5,1.05E-08,-0.385327071,0.177,0.291,0.000340109,-1.30615587,,,
Clcn3,1.03E-08,-0.386079395,0.268,0.402,0.000333508,-1.306837171,,,
Slc25a36,1.95E-11,-0.386831255,0.328,0.492,6.30E-07,-1.307518405,,,
Car8,4.04E-09,-0.388478613,0.043,0.12,0.000130424,-1.309012263,,,
Mtss1,1.79E-13,-0.388931794,0.312,0.502,5.78E-09,-1.309423516,,,
Gls,6.74E-09,-0.389240204,0.547,0.668,0.00021734,-1.309703467,,,
Lpl,8.61E-22,-0.389636049,0.086,0.263,2.78E-17,-1.310062871,,,
Pbld1,5.10E-30,-0.390901057,0.009,0.153,1.64E-25,-1.311212086,,,
Slc1a1,5.66E-29,-0.391526544,0.013,0.161,1.83E-24,-1.311780691,,,
Macrod1,1.14E-27,-0.393791914,0.009,0.143,3.66E-23,-1.313842112,,,
Aldh4a1,1.73E-31,-0.397341649,0.006,0.15,5.58E-27,-1.317078786,,,
Cyp2j11,1.69E-20,-0.397398713,0.037,0.173,5.45E-16,-1.317130883,,,
Ugt8a,3.67E-25,-0.398480931,0.034,0.189,1.18E-20,-1.318119281,,,
Ankib1,6.04E-12,-0.401154639,0.417,0.586,1.95E-07,-1.320564382,,,
Ddx17,7.57E-15,-0.401976092,0.603,0.782,2.44E-10,-1.321316509,,,
Ddah1,9.14E-14,-0.4032729,0.11,0.254,2.95E-09,-1.322504746,,,
Vps13a,2.66E-12,-0.409165926,0.431,0.613,8.58E-08,-1.327917875,,,
Greb1l,1.20E-17,-0.411015744,0.058,0.194,3.86E-13,-1.329621618,,,
Crot,8.18E-37,-0.411912272,0.04,0.255,2.64E-32,-1.330448136,,,
Ar,7.42E-21,-0.41247546,0.262,0.514,2.40E-16,-1.330967607,,,
Myo18a,1.12E-12,-0.413501891,0.407,0.584,3.62E-08,-1.331914885,,,
Dgkd,1.04E-10,-0.413850782,0.333,0.474,3.35E-06,-1.332237024,,,
Hnf4g,2.10E-29,-0.41402734,0.012,0.159,6.78E-25,-1.332400074,,,
Adamts6,6.97E-11,-0.414211077,0.18,0.318,2.25E-06,-1.332569775,,,
Gprin3,5.54E-07,-0.416577679,0.157,0.246,0.017860967,-1.334757521,,,
Uap1,1.52E-28,-0.41776952,0.039,0.213,4.91E-24,-1.335860649,,,
4930444A19Rik,5.08E-11,-0.419477412,0.158,0.288,1.64E-06,-1.337443005,,,
Gfod1,1.59E-08,-0.419790556,0.095,0.189,0.000514554,-1.337733335,,,
Pcca,3.73E-12,-0.420886849,0.308,0.474,1.20E-07,-1.338750254,,,
Gm2682,1.42E-10,-0.42330859,0.03,0.107,4.59E-06,-1.340999399,,,
Skap1,2.18E-10,-0.4242176,0.055,0.147,7.04E-06,-1.341844598,,,
Pkp4,8.18E-16,-0.424847593,0.293,0.503,2.64E-11,-1.34243068,,,
Plekha7,2.59E-12,-0.426110502,0.193,0.347,8.36E-08,-1.343606334,,,
Slc40a1,1.54E-06,-0.426316562,0.221,0.309,0.049820057,-1.343798255,,,
Adra1b,5.14E-10,-0.426961255,0.132,0.248,1.66E-05,-1.344398888,,,
Tcn2,3.89E-31,-0.430352131,0.008,0.156,1.25E-26,-1.347562448,,,
Dcdc2a,9.17E-08,-0.430489752,0.041,0.108,0.002959209,-1.347691,,,
Cox7c,2.21E-35,-0.431174684,0.023,0.213,7.14E-31,-1.34833098,,,
C7,2.68E-12,-0.433193181,0.61,0.751,8.64E-08,-1.350218771,,,
Cmah,1.24E-23,-0.437079179,0.031,0.174,3.99E-19,-1.353860581,,,
Phyhipl,9.07E-23,-0.439553686,0.045,0.2,2.93E-18,-1.356184712,,,
Evi5,3.50E-13,-0.439655445,0.321,0.497,1.13E-08,-1.356280372,,,
Acaa2,1.81E-23,-0.440122648,0.06,0.228,5.84E-19,-1.356719661,,,
Herc3,5.08E-14,-0.440791787,0.142,0.29,1.64E-09,-1.35734907,,,
Trabd2b,1.14E-16,-0.440978862,0.078,0.224,3.66E-12,-1.357525089,,,
Mndal,1.30E-19,-0.443018816,0.144,0.341,4.18E-15,-1.359445972,,,
Slc7a7,8.25E-29,-0.443565866,0.003,0.131,2.66E-24,-1.359961553,,,
Hnf4aos,1.68E-14,-0.443763272,0.029,0.126,5.42E-10,-1.360147651,,,
Chdh,5.91E-26,-0.446166288,0.035,0.192,1.91E-21,-1.36241506,,,
Gm4258,8.58E-10,-0.446235049,0.289,0.423,2.77E-05,-1.362479997,,,
Arl15,1.85E-08,-0.446311535,0.706,0.826,0.000597438,-1.362552232,,,
Dock2,5.41E-14,-0.447074709,0.056,0.171,1.74E-09,-1.363273202,,,
Agtr1a,6.37E-09,-0.451005191,0.321,0.444,0.000205451,-1.366992371,,,
Pax8,4.34E-24,-0.45107201,0.088,0.282,1.40E-19,-1.367055685,,,
Mar-02,1.53E-35,-0.451388445,0.038,0.243,4.95E-31,-1.367355562,,,
Veph1,3.98E-14,-0.45168407,0.096,0.234,1.28E-09,-1.367635778,,,
Cyb5a,1.72E-24,-0.455126525,0.078,0.266,5.56E-20,-1.370903028,,,
Mapk14,4.76E-17,-0.456958219,0.296,0.503,1.54E-12,-1.372644679,,,
Mylip,1.22E-21,-0.458391765,0.081,0.252,3.94E-17,-1.374009296,,,
Aldh6a1,9.86E-32,-0.45839854,0.036,0.222,3.18E-27,-1.374015748,,,
Stard8,2.04E-11,-0.459266489,0.294,0.432,6.58E-07,-1.374842628,,,
Arhgef28,1.03E-15,-0.460198663,0.186,0.368,3.31E-11,-1.375731247,,,
Shroom4,3.05E-10,-0.46111967,0.277,0.431,9.84E-06,-1.376609785,,,
Gpc4,3.55E-23,-0.462798064,0.148,0.372,1.14E-18,-1.378212229,,,
Cacna1c,1.03E-08,-0.463982008,0.622,0.742,0.000331586,-1.379343719,,,
Galnt14,1.88E-22,-0.464137161,0.04,0.188,6.07E-18,-1.379492067,,,
Atp6v0b,1.27E-23,-0.467515715,0.193,0.425,4.09E-19,-1.382726396,,,
Dmxl1,1.86E-16,-0.477179006,0.519,0.715,6.00E-12,-1.3920191,,,
Golgb1,7.97E-13,-0.479895956,0.438,0.584,2.57E-08,-1.394643084,,,
Hpgd,6.18E-10,-0.480897506,0.114,0.222,1.99E-05,-1.395611612,,,
Ghr,9.66E-17,-0.481207722,0.469,0.68,3.12E-12,-1.395911735,,,
Ddx5,5.42E-17,-0.48148772,0.405,0.629,1.75E-12,-1.396182681,,,
Folh1,2.60E-23,-0.483471022,0.04,0.192,8.40E-19,-1.398103361,,,
Spp1,3.03E-16,-0.488047023,0.048,0.173,9.79E-12,-1.402544964,,,
Glul,7.32E-23,-0.49025967,0.132,0.342,2.36E-18,-1.404697684,,,
Tanc2,4.85E-11,-0.491109041,0.364,0.52,1.57E-06,-1.405524928,,,
Trim7,1.34E-27,-0.491138626,0.011,0.147,4.33E-23,-1.405553751,,,
Atp1b1,5.54E-15,-0.491383362,0.123,0.278,1.79E-10,-1.405792207,,,
Lgr4,1.28E-13,-0.49556275,0.244,0.422,4.13E-09,-1.409870594,,,
Ccser1,1.95E-18,-0.499029243,0.224,0.428,6.31E-14,-1.41326229,,,
Ank3,4.96E-13,-0.500604098,0.318,0.503,1.60E-08,-1.414805858,,,
Gucy1a1,2.36E-08,-0.500678362,0.436,0.536,0.00076092,-1.414878688,,,
Glis3,6.65E-10,-0.500752213,0.617,0.748,2.15E-05,-1.414951117,,,
Sult1d1,3.93E-23,-0.501825895,0.125,0.332,1.27E-18,-1.416004544,,,
Galnt18,7.24E-19,-0.504924487,0.146,0.335,2.34E-14,-1.419049079,,,
Slco1a6,2.31E-18,-0.505127493,0.033,0.153,7.46E-14,-1.419248772,,,
Plcxd3,6.13E-07,-0.505482677,0.147,0.243,0.01977792,-1.419598226,,,
Igsf5,1.35E-15,-0.506323632,0.112,0.264,4.37E-11,-1.420425959,,,
Alas1,1.93E-16,-0.510466729,0.079,0.221,6.23E-12,-1.424510967,,,
Pcx,2.18E-34,-0.510471211,0.044,0.251,7.02E-30,-1.424515393,,,
Frmd5,1.48E-08,-0.511891944,0.106,0.204,0.000476579,-1.425918914,,,
Lrrk2,1.97E-14,-0.518017419,0.253,0.428,6.35E-10,-1.431986031,,,
Adra1a,6.99E-22,-0.523631234,0.098,0.282,2.25E-17,-1.43756903,,,
Abat,1.13E-18,-0.526467308,0.263,0.468,3.64E-14,-1.440397807,,,
Tnfaip8,1.34E-26,-0.529355748,0.055,0.24,4.31E-22,-1.443284536,,,
Lactb2,1.36E-19,-0.534461848,0.118,0.297,4.39E-15,-1.448401773,,,
Pck1,2.76E-11,-0.535746383,0.026,0.104,8.91E-07,-1.449691963,,,
Scp2,2.16E-35,-0.538673781,0.013,0.188,6.98E-31,-1.452636546,,,
Fbln5,3.76E-09,-0.540426361,0.537,0.634,0.000121397,-1.454402274,,,
Enpp2,9.72E-24,-0.541496142,0.084,0.275,3.14E-19,-1.455481137,,,
Cyp2j13,6.91E-20,-0.548419336,0.008,0.107,2.23E-15,-1.462482475,,,
Ptprc,1.93E-19,-0.556627544,0.057,0.201,6.24E-15,-1.470826978,,,
Tsc22d1,4.36E-41,-0.560096534,0.1,0.386,1.41E-36,-1.474367867,,,
Retreg1,1.61E-28,-0.560562597,0.145,0.387,5.19E-24,-1.47484424,,,
Ezr,9.68E-29,-0.574142345,0.045,0.225,3.12E-24,-1.488792141,,,
Osbpl3,2.15E-19,-0.575408757,0.112,0.287,6.94E-15,-1.490099591,,,
Grem2,1.56E-09,-0.577399352,0.081,0.18,5.05E-05,-1.492157013,,,
Sugct,4.19E-21,-0.579266189,0.187,0.41,1.35E-16,-1.494089103,,,
Pitpnc1,3.36E-16,-0.582567572,0.3,0.497,1.08E-11,-1.497512008,,,
Slc15a2,3.10E-26,-0.585259848,0.118,0.333,1.00E-21,-1.50030919,,,
Hs3st4,7.60E-08,-0.587870165,0.072,0.153,0.00245326,-1.503026208,,,
Atp11a,6.79E-14,-0.590761326,0.067,0.186,2.19E-09,-1.506041292,,,
Myo5b,1.16E-39,-0.594183064,0.052,0.293,3.76E-35,-1.509617512,,,
Kcnab1,3.71E-07,-0.594691174,0.102,0.189,0.011957378,-1.510149285,,,
Cdc42ep3,2.34E-14,-0.598104558,0.295,0.461,7.56E-10,-1.513726495,,,
Snhg11,6.39E-27,-0.598288406,0.08,0.281,2.06E-22,-1.513919407,,,
Pkhd1,6.70E-17,-0.602249702,0.227,0.435,2.16E-12,-1.51808198,,,
Svopl,9.67E-34,-0.602834137,0.035,0.227,3.12E-29,-1.518697079,,,
Ppara,1.23E-25,-0.609842422,0.054,0.233,3.97E-21,-1.526092512,,,
Cryl1,2.27E-31,-0.612663455,0.062,0.27,7.31E-27,-1.52907954,,,
Gm19950,3.80E-20,-0.614937931,0.011,0.116,1.22E-15,-1.531492106,,,
Slc17a3,1.44E-28,-0.623159855,0.01,0.15,4.65E-24,-1.540245003,,,
Wwc1,2.91E-12,-0.624121121,0.178,0.333,9.39E-08,-1.541271608,,,
Adamts5,6.82E-07,-0.625118653,0.397,0.477,0.022000843,-1.542337668,,,
St6galnac3,4.98E-08,-0.629379843,0.157,0.263,0.001605426,-1.5468999,,,
Gas2,4.99E-30,-0.64962939,0.046,0.234,1.61E-25,-1.568765149,,,
Gphn,1.42E-32,-0.651151932,0.815,0.947,4.58E-28,-1.570421612,,,
Aspa,4.99E-27,-0.655985478,0.049,0.227,1.61E-22,-1.575691911,,,
Lmo7,5.13E-28,-0.669082724,0.182,0.44,1.65E-23,-1.590061673,,,
Gcnt1,1.13E-40,-0.669135372,0.013,0.209,3.64E-36,-1.5901197,,,
Kcnj16,3.87E-24,-0.689089198,0.143,0.357,1.25E-19,-1.612265343,,,
Prlr,1.66E-11,-0.695480979,0.107,0.23,5.35E-07,-1.619424241,,,
Fggy,1.97E-27,-0.70408015,0.143,0.38,6.36E-23,-1.62910563,,,
Pik3c2g,6.09E-43,-0.705173738,0.028,0.254,1.96E-38,-1.630340988,,,
Esrrg,1.96E-23,-0.718478216,0.175,0.414,6.32E-19,-1.64544547,,,
Slc14a2,3.06E-12,-0.719479183,0.061,0.17,9.87E-08,-1.646587505,,,
Cubn,4.08E-47,-0.728146864,0.029,0.272,1.32E-42,-1.656509944,,,
Gclc,2.77E-17,-0.738780844,0.095,0.252,8.93E-13,-1.668765045,,,
Vcan,4.81E-09,-0.744226014,0.053,0.135,0.000155298,-1.675075373,,,
Atp1a1,7.25E-14,-0.758976148,0.059,0.176,2.34E-09,-1.692289214,,,
Them7,2.09E-18,-0.760716163,0.031,0.149,6.75E-14,-1.694331493,,,
Gm42397,7.12E-22,-0.771598803,0.035,0.174,2.30E-17,-1.707160621,,,
Nox4,6.28E-42,-0.771895556,0.021,0.236,2.03E-37,-1.707511809,,,
Cyp2j5,2.16E-32,-0.772182915,0.028,0.207,6.96E-28,-1.707851949,,,
Tmem108,1.55E-11,-0.773860631,0.062,0.162,4.99E-07,-1.709839171,,,
Tnfrsf21,6.89E-25,-0.807651646,0.035,0.189,2.22E-20,-1.750359965,,,
Kcnk5,1.21E-37,-0.813381929,0.021,0.218,3.91E-33,-1.757326097,,,
Nr1h4,1.05E-33,-0.814473682,0.057,0.276,3.39E-29,-1.75865645,,,
Kcnj15,2.17E-21,-0.822563835,0.02,0.143,7.01E-17,-1.768546111,,,
Aass,4.01E-52,-0.842210383,0.014,0.258,1.29E-47,-1.792794817,,,
Lrp2,1.06E-30,-0.857482119,0.018,0.18,3.42E-26,-1.811873355,,,
Fut9,4.13E-29,-0.85811544,0.266,0.55,1.33E-24,-1.812668915,,,
Atp6v0a4,4.42E-23,-0.867766937,0.071,0.242,1.43E-18,-1.824836156,,,
Bnc2,2.01E-29,-0.870906773,0.129,0.368,6.49E-25,-1.828811998,,,
Slc13a1,1.03E-33,-0.902797791,0.03,0.219,3.32E-29,-1.869688321,,,
Rsrp1,2.43E-43,-0.902937682,0.193,0.512,7.85E-39,-1.869869623,,,
Acsm2,2.62E-23,-0.912342911,0.017,0.144,8.45E-19,-1.882099514,,,
Glud1,6.59E-53,-0.917862379,0.175,0.548,2.13E-48,-1.889313849,,,
Rbm47,2.11E-34,-0.928723511,0.102,0.348,6.81E-30,-1.903590963,,,
Pter,3.89E-46,-0.932211659,0.024,0.257,1.25E-41,-1.908199034,,,
Col4a4,7.61E-18,-0.953135559,0.244,0.431,2.46E-13,-1.936075963,,,
Gldc,1.29E-13,-0.962524566,0.036,0.134,4.17E-09,-1.948716964,,,
Slc27a2,2.08E-27,-0.966459964,0.017,0.162,6.70E-23,-1.95403995,,,
Trps1,1.11E-40,-0.972031415,0.177,0.489,3.58E-36,-1.961600722,,,
Sorcs1,1.41E-09,-0.97502166,0.047,0.129,4.54E-05,-1.965670708,,,
Slc25a21,7.69E-35,-0.980685748,0.054,0.272,2.48E-30,-1.973403193,,,
Acox1,4.40E-48,-0.988359549,0.03,0.282,1.42E-43,-1.983927835,,,
Snx29,2.01E-17,-0.990158525,0.201,0.386,6.47E-13,-1.986403248,,,
Frmd4b,5.85E-32,-1.041801654,0.068,0.284,1.89E-27,-2.058797098,,,
AY036118,5.04E-40,-1.065081906,0.136,0.426,1.63E-35,-2.092288662,,,
Chpt1,5.06E-68,-1.065179542,0.042,0.387,1.63E-63,-2.092430265,,,
Gramd1b,3.25E-37,-1.085469488,0.02,0.215,1.05E-32,-2.122065942,,,
Col4a3,1.40E-26,-1.148980998,0.209,0.446,4.52E-22,-2.217572079,,,
Lars2,5.69E-54,-1.159381518,0.444,0.773,1.84E-49,-2.233616521,,,
Egf,2.40E-08,-1.197779396,0.061,0.144,0.00077288,-2.293863264,,,
Ndrg1,2.45E-20,-1.200444021,0.018,0.134,7.89E-16,-2.298103892,,,
Pde4d,3.42E-68,-1.229236803,0.262,0.716,1.10E-63,-2.344429348,,,
Dab2,8.58E-50,-1.272489811,0.059,0.353,2.77E-45,-2.415781228,,,
Slc5a12,4.10E-23,-1.296277063,0.03,0.171,1.32E-18,-2.455942975,,,
Gk,1.09E-45,-1.328496885,0.021,0.249,3.51E-41,-2.511408799,,,
Gm26917,5.77E-57,-1.388613493,0.33,0.676,1.86E-52,-2.618269302,,,
Gm42418,2.22E-128,-1.422312714,0.961,0.998,7.15E-124,-2.680148081,,,
Cmss1,2.44E-95,-1.425981321,0.863,0.974,7.88E-91,-2.686972062,,,
Neat1,3.19E-25,-1.428898082,0.11,0.309,1.03E-20,-2.692409929,,,
Keg1,2.64E-32,-1.641441748,0.019,0.188,8.50E-28,-3.119774488,,,
Sntg1,0.000386653,1.147220316,0.182,0.122,1,2.214867378,,,
Adgrl3,4.37E-06,0.854546953,0.127,0.06,0.140954819,1.808190843,,,
Pparg,0.000685614,0.819675896,0.158,0.102,1,1.765009435,,,
Adamtsl1,1.86E-06,0.79558023,0.625,0.55,0.059996374,1.735775336,,,
Ngf,0.001842133,0.698076171,0.621,0.61,1,1.622339965,,,
6530403H02Rik,0.057016397,0.649670578,0.226,0.197,1,1.568809937,,,
Rad51b,0.015379765,0.64923409,0.34,0.303,1,1.568335364,,,
Plac8,8.94E-05,0.604726241,0.295,0.218,1,1.520690167,,,
Pcdh7,0.282195847,0.599451645,0.167,0.201,1,1.515140566,,,
Syn3,2.25E-05,0.594502748,0.534,0.479,0.724544873,1.509952063,,,
Nexn,1.57E-06,0.591032722,0.449,0.362,0.050775008,1.506324631,,,
Kalrn,0.000390567,0.580666911,0.521,0.479,1,1.495540428,,,
B4galt1,1.90E-06,0.575594921,0.622,0.569,0.061190693,1.490291885,,,
Nostrin,0.000160795,0.574546376,0.46,0.41,1,1.48920914,,,
Adamts9,0.000452891,0.572237726,0.797,0.826,1,1.486827963,,,
Smoc2,0.0056103,0.569088897,0.159,0.113,1,1.483586347,,,
Crispld2,5.32E-05,0.564628218,0.599,0.563,1,1.479006321,,,
Srebf2,7.58E-05,0.533589059,0.366,0.3,1,1.447525797,,,
Gria4,8.63E-05,0.528791166,0.489,0.419,1,1.442719835,,,
Palld,0.000129368,0.527086193,0.708,0.704,1,1.441015839,,,
Hmcn1,0.000495071,0.518204383,0.189,0.132,1,1.432171619,,,
Gm26632,6.54E-06,0.512218938,0.347,0.258,0.210870964,1.426242142,,,
Actg1,6.99E-05,0.506299223,0.268,0.194,1,1.420401927,,,
Spsb1,3.62E-05,0.50396607,0.44,0.363,1,1.418106684,,,
Adamts1,0.002731592,0.502565325,0.388,0.338,1,1.41673048,,,
Zdhhc14,1.81E-06,0.497960229,0.731,0.683,0.05825916,1.412215473,,,
Pde10a,0.339665941,0.497155317,0.271,0.305,1,1.411427787,,,
Col12a1,0.017241592,0.493983607,0.103,0.071,1,1.408328225,,,
Ror2,0.000122578,0.493704744,0.4,0.321,1,1.40805603,,,
Fam107b,0.053999718,0.491836923,0.36,0.339,1,1.406234235,,,
Sulf1,0.037312083,0.491492403,0.341,0.302,1,1.405898462,,,
Sik2,0.00232905,0.487620036,0.632,0.613,1,1.402129921,,,
Sorbs1,0.003597717,0.483736834,0.753,0.824,1,1.398360981,,,
Kif26b,0.932457004,0.483268647,0.16,0.167,1,1.397907254,,,
Mmd,0.006660816,0.479308883,0.267,0.216,1,1.394075681,,,
Synpo2,0.000102159,0.4776107,0.495,0.426,1,1.392435692,,,
Ifrd1,0.000371554,0.477496836,0.486,0.42,1,1.392325799,,,
Bmp4,1.61E-06,0.473616563,0.476,0.374,0.051816948,1.388586031,,,
Usp53,4.38E-05,0.472118462,0.648,0.58,1,1.387144865,,,
Col4a2,0.026081018,0.470983038,0.756,0.77,1,1.38605359,,,
Mcc,0.164073123,0.470156873,0.384,0.381,1,1.385260088,,,
Gpr176,0.005685212,0.46833363,0.314,0.267,1,1.383510536,,,
Dclk1,0.073417517,0.462468393,0.237,0.206,1,1.377897329,,,
Col4a1,0.150393771,0.462259703,0.774,0.82,1,1.377698027,,,
Msmo1,0.001314944,0.46066468,0.165,0.114,1,1.376175706,,,
Gata6,8.70E-06,0.456717046,0.322,0.23,0.280647379,1.372415235,,,
Cacnb2,0.157962974,0.456274771,0.403,0.416,1,1.37199457,,,
Por,0.001492113,0.451845243,0.525,0.48,1,1.367788574,,,
Nav3,0.062446271,0.450155076,0.247,0.213,1,1.366187101,,,
B530045E10Rik,0.187859347,0.449107937,0.117,0.098,1,1.365195853,,,
Akap12,0.552605562,0.446468368,0.271,0.273,1,1.362700361,,,
Bcor,0.001236932,0.446228946,0.365,0.305,1,1.362474233,,,
Irak2,0.00051805,0.445699351,0.462,0.405,1,1.361974177,,,
S1pr3,6.51E-05,0.445143835,0.315,0.239,1,1.361449844,,,
Cpm,0.000461953,0.444187783,0.554,0.503,1,1.360547931,,,
Stxbp1,1.59E-06,0.440601541,0.364,0.264,0.051152442,1.35717009,,,
Spire1,1.23E-05,0.43887951,0.369,0.282,0.396175246,1.35555111,,,
Slc43a3,0.00086778,0.436369883,0.452,0.386,1,1.353195123,,,
Hivep2,4.73E-05,0.433029618,0.75,0.739,1,1.350065701,,,
Ctdspl,7.24E-06,0.432213132,0.715,0.698,0.23360387,1.349301855,,,
Cacna2d1,9.06E-06,0.429734166,0.679,0.623,0.292423701,1.346985356,,,
Ncoa3,2.36E-05,0.426824014,0.625,0.58,0.762295695,1.344271004,,,
Cx3cl1,5.84E-06,0.42449296,0.51,0.431,0.188451213,1.342100734,,,
Scarb2,9.44E-05,0.422523021,0.504,0.435,1,1.340269403,,,
Dstn,0.007205308,0.418878155,0.471,0.437,1,1.336887581,,,
Ppp1r2,1.96E-05,0.418198208,0.534,0.464,0.633556656,1.336257651,,,
Prkab2,1.60E-05,0.417648529,0.321,0.234,0.517548196,1.335748623,,,
B3gnt2,0.000169643,0.416920404,0.435,0.369,1,1.335074642,,,
Hipk1,0.00862403,0.413909289,0.688,0.709,1,1.332291054,,,
Maml2,6.48E-06,0.412522596,0.763,0.787,0.208966216,1.331011094,,,
Flna,1.65E-06,0.411231719,0.644,0.581,0.053141631,1.329820681,,,
Jdp2,0.000122134,0.410944325,0.255,0.179,1,1.329555798,,,
Aff3,0.041848502,0.409754766,0.2,0.167,1,1.328459979,,,
Tnfrsf1b,2.67E-05,0.407546383,0.336,0.249,0.861086938,1.326428015,,,
Actn1,0.000142904,0.40513911,0.605,0.553,1,1.32421659,,,
Aff1,7.57E-06,0.404353131,0.789,0.779,0.244153621,1.323495354,,,
Etv6,0.000597827,0.403287151,0.779,0.815,1,1.32251781,,,
Ankrd12,4.22E-05,0.403263127,0.756,0.758,1,1.322495787,,,
Khdrbs3,0.000142734,0.402927425,0.53,0.459,1,1.32218809,,,
Dgkh,0.002083359,0.401674129,0.612,0.583,1,1.32103998,,,
Kirrel3,0.141173565,0.401100823,0.129,0.107,1,1.320515122,,,
Jmjd1c,4.16E-05,0.398822339,0.769,0.794,1,1.318431246,,,
Gm17276,0.355464539,0.398742212,0.521,0.544,1,1.318358022,,,
Atp6v0d1,7.19E-06,0.394802247,0.446,0.35,0.23213244,1.314762531,,,
Lancl3,0.040484642,0.393548148,0.208,0.174,1,1.313620137,,,
Tgfb1,0.006342382,0.39270675,0.243,0.192,1,1.31285424,,,
Plekhg2,3.23E-05,0.390551747,0.515,0.41,1,1.310894649,,,
Zfp948,0.000591338,0.390319317,0.28,0.212,1,1.31068347,,,
Ddx50,1.97E-06,0.384892462,0.599,0.527,0.0636605,1.305762452,,,
Fam222b,0.00036765,0.38384619,0.454,0.399,1,1.30481583,,,
Gm17167,2.15E-06,0.383199149,0.412,0.308,0.069467244,1.304230758,,,
Syne1,3.94E-05,0.380951339,0.484,0.405,1,1.302200266,,,
Eng,0.000181961,0.379555964,0.644,0.605,1,1.300941387,,,
Esyt2,4.30E-06,0.378331233,0.753,0.746,0.138884868,1.299837462,,,
Mapk1,0.000105207,0.377057294,0.626,0.589,1,1.298690177,,,
Aldh1a1,0.007783789,0.376597706,0.206,0.156,1,1.298276529,,,
Anxa2,0.001079247,0.37612593,0.265,0.206,1,1.297852049,,,
Ap2b1,4.10E-06,0.376044037,0.583,0.515,0.132296513,1.29777838,,,
Ldlr,0.014664991,0.376013795,0.28,0.233,1,1.297751176,,,
Zfp36l1,0.00046944,0.375967444,0.529,0.48,1,1.297709482,,,
Myl9,0.000299415,0.375095495,0.354,0.279,1,1.296925398,,,
Rab8b,2.23E-05,0.373832491,0.496,0.416,0.719574233,1.295790504,,,
Vapa,0.016455576,0.373108642,0.545,0.551,1,1.295140526,,,
Spindoc,1.59E-05,0.372413141,0.342,0.252,0.513807586,1.294516309,,,
Rab27b,0.023496084,0.371272683,0.305,0.266,1,1.293493392,,,
Kcnd3,0.006136753,0.37114868,0.675,0.665,1,1.293382218,,,
Rela,4.88E-06,0.370409778,0.233,0.146,0.157399657,1.292719958,,,
Nfe2l2,0.004325941,0.369043792,0.455,0.401,1,1.291496552,,,
Filip1l,7.26E-05,0.368818008,0.638,0.59,1,1.291294447,,,
Ebf1,2.11E-05,0.36781541,0.856,0.877,0.681274965,1.290397376,,,
Gm42679,0.002466345,0.366902581,0.19,0.137,1,1.289581168,,,
Tpm2,9.43E-06,0.366407884,0.219,0.134,0.304396868,1.289139049,,,
Wasf2,0.000116816,0.364013994,0.636,0.614,1,1.287001731,,,
Marveld1,1.13E-05,0.363536582,0.174,0.101,0.363432914,1.286575911,,,
Stim2,0.00443182,0.363308721,0.507,0.488,1,1.286372724,,,
Arid5b,0.001916177,0.363180977,0.782,0.797,1,1.286258827,,,
Per1,1.34E-05,0.362961725,0.343,0.257,0.430753708,1.286063363,,,
Csmd1,0.00057289,0.361643674,0.694,0.652,1,1.284888948,,,
Sec24d,9.68E-05,0.361405772,0.591,0.53,1,1.284677086,,,
Zfpm2,3.79E-05,0.36092974,0.67,0.608,1,1.284253264,,,
Aebp1,5.24E-05,0.360038319,0.324,0.24,1,1.283459986,,,
Erc2,0.99153648,0.359678016,0.422,0.47,1,1.283139492,,,
Mcl1,0.000778545,0.356887591,0.378,0.314,1,1.280660073,,,
Creb3l2,0.149523547,0.355217006,0.519,0.514,1,1.279177977,,,
Tef,0.045913727,0.354551579,0.431,0.411,1,1.278588107,,,
Akt3,0.000115119,0.353300327,0.619,0.58,1,1.277479665,,,
Klf9,2.02E-05,0.353129457,0.732,0.703,0.652279875,1.277328372,,,
Plpp1,0.011354051,0.353002945,0.66,0.629,1,1.277216366,,,
Sema3d,0.002844356,0.352873818,0.126,0.081,1,1.277102056,,,
Tm4sf1,2.58E-05,0.352667854,0.2,0.125,0.833644713,1.276919745,,,
Kdm6b,0.000240595,0.35215809,0.28,0.207,1,1.276468636,,,
Ubtd2,0.002363064,0.350891218,0.236,0.177,1,1.275348224,,,
Birc3,0.009285685,0.350729524,0.505,0.468,1,1.275205294,,,
Actr3,0.00122457,0.350371312,0.571,0.551,1,1.274888708,,,
Itga5,6.70E-05,0.350082107,0.18,0.11,1,1.274633167,,,
Mat2a,0.033204539,0.34896946,0.176,0.14,1,1.273650513,,,
Bmp6,0.10833727,0.347695882,0.69,0.745,1,1.27252666,,,
Ifi204,0.000192935,0.347599434,0.143,0.084,1,1.272441591,,,
Cyth3,0.003708076,0.347509538,0.685,0.682,1,1.272362307,,,
Plekho2,5.56E-06,0.345980695,0.18,0.102,0.179250469,1.271014681,,,
Esr1,0.019225773,0.345387714,0.395,0.356,1,1.270492372,,,
Eml4,0.000161874,0.344723001,0.745,0.728,1,1.269907135,,,
Nckap5,0.13576831,0.34472068,0.485,0.488,1,1.269905092,,,
Igfbp7,0.019069011,0.343388658,0.895,0.931,1,1.268733147,,,
Zhx2,0.000186317,0.340859882,0.623,0.592,1,1.266511241,,,
Mlxip,0.000124415,0.339668854,0.49,0.413,1,1.265466094,,,
Arrdc3,0.003884094,0.33821247,0.337,0.282,1,1.264189265,,,
Fam76a,8.89E-05,0.33706434,0.322,0.243,1,1.263183595,,,
Acer2,0.049319264,0.336409818,0.507,0.492,1,1.262610644,,,
Galnt17,0.704872811,0.335866068,0.235,0.239,1,1.262134857,,,
Tmsb4x,0.000146312,0.334393142,0.321,0.236,1,1.260846932,,,
Fgf12,0.307937148,0.333445438,0.1,0.12,1,1.260018956,,,
Arfgap3,0.00091026,0.332303393,0.333,0.26,1,1.259021913,,,
Gpsm1,0.005054423,0.331810415,0.448,0.398,1,1.258591771,,,
Adamts2,0.017965834,0.331763768,0.459,0.416,1,1.258551077,,,
Ctnnd1,0.000107652,0.331591057,0.684,0.664,1,1.25840042,,,
Arpc2,0.005792139,0.330153753,0.502,0.468,1,1.257147346,,,
Mgp,0.002059518,0.329950607,0.465,0.399,1,1.25697034,,,
Dennd2a,0.005236479,0.32921671,0.465,0.416,1,1.256331083,,,
Rprd1a,0.318878915,0.328879723,0.405,0.401,1,1.256037661,,,
Cstf3,0.011896883,0.328302068,0.561,0.548,1,1.255534845,,,
Kcnt2,1.41E-05,0.327776114,0.801,0.728,0.453863158,1.255077206,,,
Irf2bp2,1.55E-05,0.327527247,0.351,0.261,0.498494285,1.254860722,,,
Fgfr1,0.157701261,0.326975422,0.465,0.455,1,1.254380835,,,
Etf1,0.001276423,0.324786918,0.475,0.408,1,1.252479438,,,
Cp,0.027259331,0.323944177,0.815,0.844,1,1.251748023,,,
Plekha3,0.000160325,0.323932354,0.361,0.278,1,1.251737765,,,
Plvap,0.004808157,0.323449394,0.218,0.168,1,1.251318801,,,
Tgfbi,0.138915894,0.323091382,0.195,0.171,1,1.251008318,,,
Zfc3h1,0.077422798,0.322965298,0.668,0.697,1,1.250898991,,,
Rheb,0.004489929,0.322152968,0.431,0.392,1,1.250194853,,,
Jun,0.000147925,0.321874335,0.195,0.128,1,1.249953422,,,
Chic2,0.001258258,0.320899511,0.478,0.428,1,1.249109118,,,
Ubxn4,0.002519091,0.3205949,0.508,0.468,1,1.248845408,,,
Cpeb1,0.000289748,0.319947435,0.377,0.294,1,1.248285067,,,
Tmem123,0.000610975,0.319031545,0.278,0.213,1,1.247492848,,,
Fgf2,9.01E-06,0.316185091,0.289,0.192,0.290693306,1.245033957,,,
Adamtsl2,0.000385901,0.315075727,0.617,0.541,1,1.244076953,,,
Setbp1,6.46E-06,0.315023258,0.909,0.92,0.208406892,1.244031708,,,
Myo10,0.000453265,0.314854686,0.786,0.785,1,1.243886358,,,
Pdzrn3,0.602992501,0.314726768,0.497,0.517,1,1.243776073,,,
Eml1,0.359027232,0.31434643,0.462,0.467,1,1.243448219,,,
Lnx2,0.023211764,0.314156876,0.3,0.257,1,1.243284854,,,
Pls3,0.037673982,0.314142105,0.346,0.312,1,1.243272125,,,
Capzb,0.000116414,0.313189967,0.596,0.545,1,1.242451871,,,
Fam129a,0.28235905,0.312646736,0.225,0.207,1,1.241984128,,,
Adipor2,0.706029378,0.312562028,0.248,0.242,1,1.241911206,,,
Col8a1,0.929386148,0.312397619,0.153,0.156,1,1.241769686,,,
Per2,0.006854728,0.312100216,0.303,0.258,1,1.241513729,,,
Dnajb4,0.001009378,0.31187852,0.345,0.278,1,1.241322963,,,
Gnb1,0.0002297,0.311530372,0.664,0.641,1,1.241023446,,,
Prickle1,0.303826034,0.311322694,0.339,0.38,1,1.240844812,,,
P2rx4,0.001467169,0.311081565,0.4,0.333,1,1.240637437,,,
C1qtnf7,0.312506633,0.309167011,0.394,0.39,1,1.238992119,,,
Ptpn12,0.001586933,0.308987214,0.597,0.563,1,1.238837718,,,
Myo1c,4.48E-05,0.308838735,0.31,0.221,1,1.238710226,,,
Pkd1,0.000412855,0.307913784,0.57,0.509,1,1.23791631,,,
Slc7a1,0.001562686,0.307870547,0.284,0.219,1,1.237879211,,,
Rhoq,0.000162374,0.307858387,0.389,0.308,1,1.237868777,,,
Soga1,0.001881063,0.307391778,0.302,0.239,1,1.23746848,,,
Prkx,8.03E-05,0.306817973,0.209,0.135,1,1.236976398,,,
Galnt3,0.105401176,0.306332671,0.23,0.204,1,1.236560366,,,
Ilk,0.005403562,0.306192639,0.259,0.204,1,1.236440348,,,
Wdfy1,0.007821741,0.306154304,0.437,0.39,1,1.236407494,,,
Ate1,1.12E-05,0.305940024,0.365,0.261,0.361774533,1.236223867,,,
Smurf1,0.008486673,0.305816523,0.518,0.479,1,1.236118046,,,
Ppp1r12c,0.000196206,0.305733353,0.29,0.21,1,1.236046786,,,
Cnn2,0.000629579,0.305719327,0.481,0.411,1,1.23603477,,,
Agpat4,0.009253244,0.305508289,0.256,0.204,1,1.235853976,,,
Cdh13,0.837695043,0.305099627,0.318,0.33,1,1.235503953,,,
Ptpn9,0.010530459,0.304795768,0.592,0.575,1,1.23524376,,,
Mill2,0.001391631,0.304678331,0.56,0.505,1,1.235143214,,,
Cnn3,0.041743666,0.304453078,0.387,0.359,1,1.234950382,,,
Mecp2,0.00180889,0.304349273,0.556,0.518,1,1.234861528,,,
Dot1l,0.004545668,0.303226779,0.266,0.212,1,1.233901113,,,
Tgfbr3,0.000309304,0.30074051,0.805,0.824,1,1.2317765,,,
Synpo,0.002713295,0.30051856,0.302,0.237,1,1.231587013,,,
Arih1,0.000693465,0.300435522,0.749,0.76,1,1.231516128,,,
Coro1c,0.008001679,0.299802015,0.372,0.327,1,1.230975472,,,
Rbms2,0.001716302,0.298765758,0.536,0.485,1,1.230091605,,,
Dip2c,0.000248087,0.298401225,0.789,0.803,1,1.229780831,,,
Dusp16,2.31E-05,0.29787569,0.432,0.329,0.74656289,1.229332937,,,
Oasl2,0.000460881,0.297428591,0.243,0.173,1,1.228952019,,,
Fmnl3,0.056352735,0.296965604,0.348,0.315,1,1.228557689,,,
Spats2,0.405790426,0.296456774,0.271,0.263,1,1.228124461,,,
Rhob,1.61E-05,0.296179943,0.25,0.161,0.520052794,1.227888825,,,
Lamc1,0.068160314,0.296132838,0.381,0.351,1,1.227848735,,,
Eva1c,0.008267296,0.296030654,0.252,0.201,1,1.22776177,,,
Col15a1,0.01497625,0.295916012,0.343,0.291,1,1.227664212,,,
Map3k6,3.97E-05,0.295278061,0.153,0.086,1,1.227121466,,,
Chn1,0.001406305,0.294715179,0.564,0.512,1,1.226642786,,,
Kmt2e,6.37E-05,0.294697345,0.809,0.824,1,1.226627623,,,
Rcan2,0.068878902,0.294490552,0.591,0.59,1,1.226451813,,,
Rap1b,0.004921981,0.294303347,0.443,0.386,1,1.226292679,,,
Tinagl1,0.002223946,0.293670288,0.15,0.101,1,1.225754696,,,
Spry4,0.00057771,0.293548554,0.217,0.152,1,1.225651271,,,
Sdc4,0.415292016,0.292655208,0.229,0.222,1,1.224892558,,,
Dusp1,0.00601755,0.291460316,0.216,0.167,1,1.223878478,,,
Rasal2,0.114725579,0.291368315,0.608,0.634,1,1.223800433,,,
Arhgap10,0.103148057,0.29098617,0.689,0.722,1,1.223476312,,,
Prickle2,0.327939266,0.290904849,0.407,0.408,1,1.22340735,,,
Ptk7,0.016131758,0.290355253,0.238,0.194,1,1.222941381,,,
Tmem38b,0.065727498,0.289754348,0.342,0.317,1,1.222432113,,,
Mapkapk2,0.135245418,0.289299822,0.476,0.455,1,1.222047042,,,
Prkce,2.89E-05,0.289173624,0.746,0.739,0.931516457,1.221940149,,,
Cacnb4,0.034146919,0.288342582,0.169,0.224,1,1.221236473,,,
Ankrd11,8.78E-05,0.28815319,0.796,0.818,1,1.221076163,,,
Rp9,0.010426402,0.287723747,0.278,0.228,1,1.220712743,,,
St7,0.464716819,0.287240969,0.394,0.393,1,1.220304317,,,
Mrvi1,0.003027554,0.285998375,0.614,0.556,1,1.219253721,,,
Fblim1,0.003393325,0.285083912,0.551,0.502,1,1.218481133,,,
Sec14l1,0.009669966,0.284239837,0.298,0.242,1,1.217768446,,,
Cacna1d,0.126099,0.284033369,0.407,0.396,1,1.217594181,,,
Cgnl1,0.535549301,0.2835649,0.764,0.823,1,1.21719887,,,
Phf20,0.017408307,0.283382919,0.611,0.605,1,1.217045343,,,
Cxcl14,4.96E-05,0.282971685,0.206,0.131,1,1.216698479,,,
Aff4,0.001413595,0.281533344,0.716,0.724,1,1.215486057,,,
Spred2,0.021395686,0.281220614,0.599,0.598,1,1.215222607,,,
Tagln2,0.000210327,0.280847814,0.269,0.197,1,1.214908627,,,
Acsl1,0.288806083,0.280356602,0.233,0.263,1,1.214495044,,,
Smad1,0.008494859,0.280070421,0.452,0.407,1,1.214254153,,,
Sobp,0.613333275,0.279967844,0.202,0.195,1,1.214167822,,,
Trerf1,0.000159732,0.279253014,0.753,0.71,1,1.213566372,,,
Nxn,0.240070856,0.279166473,0.449,0.44,1,1.213493578,,,
Stat2,0.064755084,0.277745872,0.332,0.296,1,1.212299256,,,
Tnxb,0.00346733,0.277216784,0.288,0.225,1,1.211854744,,,
Msn,0.077378557,0.277054658,0.437,0.423,1,1.211718567,,,
Maco1,0.004222512,0.276076138,0.305,0.248,1,1.210896987,,,
Ppp1cb,0.036607691,0.276035124,0.518,0.506,1,1.210862563,,,
Nptn,0.057033772,0.275872823,0.522,0.541,1,1.210726351,,,
Mical2,0.033151881,0.275821807,0.437,0.399,1,1.210683538,,,
Spata5,0.095396429,0.275283343,0.497,0.485,1,1.210231754,,,
Mir100hg,0.047528708,0.275000204,0.518,0.497,1,1.20999426,,,
Mxd4,0.039749499,0.274563069,0.533,0.517,1,1.209627689,,,
Bcar1,0.001072856,0.274459173,0.28,0.212,1,1.209540581,,,
Ltbp4,0.000603531,0.273067723,0.186,0.125,1,1.208374566,,,
Sh3bp5,0.060966816,0.272658538,0.398,0.369,1,1.208031888,,,
Ube2h,0.029009052,0.27106732,0.665,0.677,1,1.206700226,,,
Tubb6,0.000235998,0.270606742,0.112,0.06,1,1.206315051,,,
Irs2,0.025757226,0.270378703,0.36,0.315,1,1.20612439,,,
Ccdc85b,3.11E-06,0.270060687,0.168,0.089,0.100459124,1.205858551,,,
Gjc1,0.043549149,0.270015091,0.276,0.242,1,1.205820441,,,
Plxna4,0.748419242,0.269956595,0.124,0.12,1,1.20577155,,,
Lpar1,0.019167321,0.26967746,0.578,0.554,1,1.205538278,,,
Lncpint,0.001772429,0.269653695,0.89,0.901,1,1.20551842,,,
Adamtsl5,0.000107216,0.269542213,0.141,0.08,1,1.205425269,,,
Epha4,0.445344606,0.26918845,0.324,0.329,1,1.205129723,,,
Sult5a1,0.006542425,0.269127812,0.146,0.102,1,1.205079071,,,
Picalm,0.020004064,0.26897702,0.812,0.875,1,1.204953121,,,
A4galt,0.004273431,0.268683777,0.59,0.545,1,1.204708227,,,
Cpne8,0.011064152,0.26855501,0.362,0.311,1,1.204600706,,,
Sytl2,0.386539881,0.268245386,0.43,0.438,1,1.204342209,,,
Fdft1,0.072671676,0.268156,0.106,0.083,1,1.204267593,,,
Man1c1,0.17310543,0.268091729,0.375,0.357,1,1.204213945,,,
Adcy5,0.032258504,0.267703553,0.273,0.231,1,1.203889979,,,
Mef2d,0.003798769,0.267209666,0.506,0.45,1,1.203477914,,,
Col18a1,0.058896541,0.26647144,0.649,0.625,1,1.202862253,,,
Mid1,0.663363127,0.265414012,0.218,0.213,1,1.201980934,,,
Ccn1,0.001212248,0.265328963,0.335,0.263,1,1.201910078,,,
Junb,4.32E-05,0.265285716,0.257,0.173,1,1.201874049,,,
Nrbp2,0.106728268,0.264743271,0.185,0.159,1,1.201422236,,,
Pawr,0.076439028,0.264691356,0.773,0.805,1,1.201379004,,,
Fli1,0.000429643,0.264260466,0.772,0.763,1,1.201020242,,,
Pde5a,0.553590118,0.263532654,0.147,0.141,1,1.200414502,,,
Rhoa,0.00350597,0.263414936,0.545,0.506,1,1.200316558,,,
Pten,0.000440308,0.262643807,0.784,0.776,1,1.199675153,,,
Khdc4,0.012809412,0.262604848,0.434,0.384,1,1.199642757,,,
Cerk,0.067078098,0.262475496,0.47,0.441,1,1.199535202,,,
Qrich1,0.003579733,0.262176897,0.469,0.416,1,1.199286956,,,
Trak1,0.004585867,0.262164702,0.605,0.563,1,1.199276819,,,
Gmeb2,0.003504983,0.261889633,0.276,0.218,1,1.199048183,,,
Abhd2,0.448453389,0.261235466,0.444,0.446,1,1.198504617,,,
Galnt10,0.017507244,0.261177072,0.449,0.413,1,1.198456107,,,
Tmem45a,0.457467857,0.260880618,0.351,0.356,1,1.198209867,,,
Homer1,0.037292651,0.260319469,0.228,0.188,1,1.197743903,,,
Tacc1,7.21E-05,0.260203463,0.921,0.931,1,1.197647596,,,
Arpc3,0.001191749,0.260069209,0.314,0.242,1,1.197536152,,,
Fabp4,0.697346567,0.259680645,0.116,0.113,1,1.19721366,,,
Fkbp1a,0.000329427,0.259291596,0.272,0.198,1,1.196890853,,,
Rhbdl3,0.010928768,0.259106605,0.141,0.101,1,1.196737391,,,
Mir22hg,0.000292369,0.259084321,0.237,0.165,1,1.196718906,,,
Itm2b,0.973633738,0.258607477,0.44,0.482,1,1.196323428,,,
Myof,0.025814525,0.258432199,0.377,0.33,1,1.196178091,,,
Actn4,0.021094884,0.257803001,0.738,0.76,1,1.19565652,,,
Pdcd10,0.019157626,0.257400721,0.292,0.245,1,1.19532317,,,
Prkcg,0.000172143,0.257260572,0.138,0.078,1,1.195207058,,,
Dock10,0.004676185,0.257210595,0.584,0.538,1,1.195165654,,,
Klf7,0.032543978,0.256487156,0.584,0.568,1,1.194566489,,,
Epb41l2,0.000685855,0.255179631,0.743,0.725,1,1.193484335,,,
Dlg2,0.002129172,0.254816274,0.259,0.195,1,1.193183782,,,
Acsl4,0.349288238,0.254525735,0.455,0.465,1,1.192943516,,,
Fbrsl1,0.057545089,0.253876337,0.43,0.401,1,1.192406659,,,
Usp4,0.001584982,0.253865472,0.399,0.329,1,1.192397679,,,
Arpc1b,0.005457928,0.253537412,0.272,0.216,1,1.192126566,,,
Slc10a6,0.071226523,0.253443574,0.181,0.152,1,1.192049028,,,
Hdac1,0.045109966,0.253429227,0.272,0.234,1,1.192037174,,,
H13,0.000682853,0.253017694,0.388,0.317,1,1.19169719,,,
Maml3,0.056572625,0.252442934,0.773,0.817,1,1.191222521,,,
Slc38a2,0.776782698,0.251827934,0.528,0.554,1,1.190714828,,,
Lamtor1,0.000199615,0.251017913,0.216,0.143,1,1.190046472,,,
Usp9x,0.013228031,0.250901205,0.7,0.68,1,1.189950206,,,
Pdk4,0.426029291,0.25078349,0.103,0.093,1,1.189853118,,,
Btaf1,0.081362164,0.250685469,0.562,0.56,1,1.189772278,,,
Ifnar2,0.089367282,0.25021572,0.387,0.36,1,1.189384945,,,
Samd4b,0.067587122,0.250124245,0.297,0.261,1,1.189309534,,,
Bcam,0.389546586,0.250108461,0.179,0.168,1,1.189296523,,,
Suclg2,3.86E-05,-0.250583393,0.345,0.435,1,-1.1896881,,,
Stard5,1.81E-06,-0.252094599,0.099,0.179,0.058359317,-1.190934937,,,
Stk38,1.08E-05,-0.252311356,0.341,0.435,0.347545572,-1.191113883,,,
Hnrnpm,3.46E-05,-0.253342695,0.531,0.619,1,-1.191965678,,,
Ttf1,0.000233195,-0.253583593,0.126,0.188,1,-1.192164727,,,
Dock9,1.56E-05,-0.253746116,0.318,0.429,0.501969195,-1.192299034,,,
Dtnbp1,4.96E-05,-0.253866327,0.297,0.381,1,-1.192398385,,,
Ppfia1,3.13E-05,-0.254002439,0.365,0.456,1,-1.192510888,,,
Eri3,4.57E-06,-0.255001528,0.431,0.535,0.147378784,-1.193337007,,,
Spen,4.42E-06,-0.25505756,0.353,0.45,0.142710961,-1.193383355,,,
Ano5,0.000610787,-0.25867875,0.274,0.347,1,-1.196382531,,,
Lrfn2,0.007346246,-0.258800255,0.182,0.234,1,-1.196483295,,,
Firre,2.41E-06,-0.259421265,0.234,0.336,0.077606968,-1.196998434,,,
Usp6nl,5.61E-06,-0.260099502,0.264,0.36,0.181127678,-1.197561297,,,
Fmn1,5.62E-05,-0.261226602,0.291,0.383,1,-1.198497253,,,
Zcchc8,2.80E-06,-0.261318828,0.219,0.32,0.090248239,-1.198573871,,,
Olfml1,7.99E-06,-0.261912676,0.133,0.215,0.257823654,-1.199067334,,,
Clmp,5.61E-05,-0.262256198,0.168,0.248,1,-1.199352879,,,
Tmem51,0.001109236,-0.262385306,0.167,0.224,1,-1.199460215,,,
Itga3,7.95E-05,-0.263126234,0.17,0.242,1,-1.200076383,,,
Kazn,5.32E-05,-0.263177912,0.304,0.393,1,-1.200119371,,,
Adamts15,1.32E-05,-0.263653865,0.169,0.251,0.425130697,-1.200515363,,,
Rhot1,3.03E-06,-0.264618472,0.325,0.423,0.097756772,-1.201318313,,,
Calcrl,0.001856483,-0.265118815,0.305,0.377,1,-1.201735016,,,
Svep1,0.001571,-0.265722501,0.669,0.716,1,-1.202237979,,,
Pwwp2a,6.40E-05,-0.265904111,0.323,0.41,1,-1.202389329,,,
Ibtk,0.00012643,-0.265960294,0.184,0.255,1,-1.202436154,,,
Pnpla7,0.001083075,-0.267043023,0.208,0.27,1,-1.20333891,,,
Nfyc,2.28E-06,-0.267698568,0.38,0.502,0.073429525,-1.203885819,,,
Ica1,4.07E-05,-0.269661851,0.141,0.215,1,-1.205525235,,,
E130102H24Rik,2.12E-06,-0.269707847,0.336,0.441,0.06829577,-1.205563671,,,
Angpt1,5.43E-06,-0.270264752,0.494,0.62,0.175216943,-1.206029128,,,
Col14a1,0.007363724,-0.271399957,0.39,0.446,1,-1.206978483,,,
Daam2,3.20E-05,-0.271429957,0.638,0.698,1,-1.207003582,,,
Ankrd28,1.87E-06,-0.271610121,0.275,0.384,0.060301384,-1.207154322,,,
Atf7ip,5.01E-06,-0.271659155,0.38,0.489,0.161714498,-1.207195351,,,
Amotl2,2.12E-06,-0.273408822,0.176,0.269,0.06824621,-1.208660297,,,
Mcph1,6.70E-06,-0.273588776,0.158,0.243,0.21611475,-1.208811069,,,
Hif1a,0.043246557,-0.273902383,0.372,0.408,1,-1.209073863,,,
Csgalnact1,0.000154348,-0.275540392,0.309,0.39,1,-1.210447403,,,
Sim1,9.96E-06,-0.281763753,0.138,0.221,0.321410507,-1.215680195,,,
Odr4,5.18E-06,-0.287017584,0.203,0.293,0.16713962,-1.220115381,,,
Vgll3,0.000275167,-0.287309247,0.16,0.228,1,-1.220362072,,,
Clk4,6.72E-06,-0.2931711,0.322,0.422,0.216779428,-1.225330644,,,
Matn2,0.000613141,-0.293511566,0.369,0.444,1,-1.225619848,,,
Zc3h6,1.67E-06,-0.294769457,0.144,0.23,0.053853642,-1.226688937,,,
Pcbd2,0.001443224,-0.297955201,0.22,0.278,1,-1.229400691,,,
Ogn,5.75E-05,-0.300582301,0.178,0.248,1,-1.231641428,,,
Chst9,4.80E-06,-0.302266188,0.083,0.155,0.154735914,-1.233079817,,,
Fry,0.000898428,-0.30458005,0.328,0.402,1,-1.235059075,,,
Arvcf,5.52E-06,-0.308527047,0.203,0.291,0.178072432,-1.238442637,,,
2610008E11Rik,1.78E-05,-0.309373051,0.194,0.278,0.574471871,-1.23916908,,,
Ptpn13,7.47E-06,-0.311010295,0.484,0.596,0.241173158,-1.240576151,,,
Gm12153,0.838696507,-0.321525794,0.249,0.242,1,-1.249651481,,,
Map3k5,4.88E-05,-0.325252052,0.314,0.419,1,-1.252883309,,,
Hdac9,2.11E-06,-0.327940106,0.046,0.108,0.068121083,-1.255219879,,,
P4ha1,9.29E-05,-0.338742796,0.387,0.462,1,-1.26465406,,,
Samd12,2.83E-06,-0.338766609,0.144,0.234,0.091326533,-1.264674934,,,
2310014F06Rik,0.000213641,-0.339786409,0.165,0.23,1,-1.265569213,,,
Igf1r,1.65E-05,-0.355740646,0.67,0.758,0.531722162,-1.279642351,,,
Myo3b,6.82E-05,-0.357972074,0.086,0.147,1,-1.281623116,,,
Cacng4,6.73E-06,-0.369781852,0.066,0.129,0.217279875,-1.292157431,,,
Rbfox1,0.000490115,-0.378990432,0.464,0.553,1,-1.300431522,,,
Srgap3,0.000925357,-0.384505463,0.15,0.212,1,-1.305412232,,,
Ntng1,0.00063945,-0.410732538,0.07,0.117,1,-1.329360634,,,
Rps8,3.13E-05,-0.448632999,0.062,0.12,1,-1.364746502,,,
Peg3,2.95E-06,-0.45394768,0.289,0.384,0.09530772,-1.369783303,,,
Nav2,5.87E-05,-0.468630126,0.213,0.294,1,-1.383794897,,,
Tnc,0.682952175,-0.471627282,0.164,0.165,1,-1.386672678,,,
Plcb1,0.006680638,-0.486958879,0.636,0.736,1,-1.401487502,,,
Prune2,3.15E-05,-1.104686039,0.09,0.152,1,-2.150520731,,,
Hpse2,0.000737587,-1.160804589,0.087,0.135,1,-2.235820842,,,
