rownames.markers.,p_val,avg_log2FC,pct.1,pct.2,p_val_adj,fold,,p < 0.05:,up,down
Mat2a,6.32E-22,1.819662776,0.616,0.234,2.04E-17,3.52998677,,,53,298
Gm50368,6.62E-15,1.407371811,0.518,0.22,2.14E-10,2.652535042,,,,
Il34,2.27E-08,1.006155539,0.63,0.468,0.000731935,2.00855162,,,,
Pde10a,1.85E-21,0.991948472,0.973,0.885,5.96E-17,1.9888693,,,,
Bhlhe40,1.77E-13,0.962837503,0.404,0.133,5.71E-09,1.949139709,,,,
Ddr1,1.16E-11,0.937598452,0.658,0.45,3.74E-07,1.915337263,,,,
Rbfox1,2.68E-07,0.932339787,0.797,0.752,0.008653248,1.908368512,,,,
Per2,7.99E-14,0.892837534,0.635,0.358,2.58E-09,1.856824591,,,,
Arid5b,1.63E-11,0.892129915,0.881,0.794,5.25E-07,1.855914071,,,,
Epb41l3,8.14E-09,0.843167406,0.836,0.706,0.000262706,1.793984476,,,,
Ier3,5.10E-17,0.830470042,0.285,0.009,1.65E-12,1.778264641,,,,
Ethe1,1.05E-06,0.82579065,0.484,0.326,0.033948926,1.772506171,,,,
Gm16193,4.25E-08,0.821158039,0.258,0.083,0.001372609,1.766823637,,,,
Slc7a1,1.05E-06,0.819631224,0.509,0.335,0.033990024,1.764954784,,,,
Mir133a-1hg,1.46E-08,0.809824802,0.42,0.211,0.000470088,1.752998549,,,,
Chp1,1.33E-08,0.805609938,0.674,0.537,0.000429309,1.747884601,,,,
Gm26688,8.64E-09,0.800760975,0.354,0.151,0.00027881,1.742019743,,,,
Itpkb,6.85E-10,0.794761726,0.877,0.812,2.21E-05,1.734790834,,,,
Plet1os,2.65E-07,0.793305835,0.224,0.064,0.00853916,1.733041059,,,,
Fyb2,5.31E-07,0.785927382,0.6,0.431,0.017133774,1.7242003,,,,
Litaf,1.47E-08,0.781009165,0.642,0.445,0.000475585,1.718332425,,,,
Coq10b,8.50E-09,0.770491328,0.584,0.362,0.000274218,1.705850634,,,,
Tspan12,2.74E-08,0.754840402,0.658,0.5,0.000883182,1.687444908,,,,
Gm12227,2.40E-07,0.721368261,0.267,0.096,0.007734966,1.648744973,,,,
Gm28410,3.39E-09,0.707668556,0.272,0.073,0.000109274,1.633162737,,,,
Mal2,6.88E-09,0.673620413,0.728,0.546,0.000221868,1.595070746,,,,
Chka,3.92E-09,0.669079142,0.918,0.849,0.000126503,1.590057726,,,,
Fam129a,4.42E-13,0.668004452,0.977,0.913,1.43E-08,1.588873704,,,,
Macf1,2.46E-12,0.667195026,0.995,0.991,7.94E-08,1.587982514,,,,
Pappa,1.78E-17,0.651913045,0.989,0.972,5.74E-13,1.571250327,,,,
5330438D12Rik,9.95E-09,0.649371276,0.584,0.358,0.000321068,1.568484504,,,,
Slc25a13,4.10E-07,0.649218624,0.833,0.78,0.013233235,1.56831855,,,,
Crem,2.87E-07,0.642838067,0.756,0.651,0.009257735,1.561397719,,,,
Cdk18,1.19E-07,0.62132334,0.564,0.376,0.003845803,1.538285556,,,,
Ldha,6.37E-08,0.617847452,0.345,0.151,0.002056299,1.534583823,,,,
Fxyd4,7.48E-11,0.613959197,0.842,0.592,2.41E-06,1.530453484,,,,
Nedd4l,4.66E-15,0.605581275,0.993,0.995,1.50E-10,1.521591693,,,,
Fosl2,6.21E-07,0.601211927,0.507,0.321,0.020049441,1.516990369,,,,
Arhgef3,5.28E-09,0.595644823,0.954,0.954,0.000170465,1.511147853,,,,
Efna5,2.71E-09,0.588465771,0.92,0.835,8.75E-05,1.503646849,,,,
Sik1,4.34E-07,0.577873614,0.425,0.22,0.014004224,1.492647616,,,,
Kcnq1ot1,9.84E-08,0.577540308,0.902,0.789,0.003175869,1.492302809,,,,
Aff1,1.53E-06,0.569766363,0.961,0.94,0.049252115,1.484283179,,,,
Aff4,1.41E-07,0.564896844,0.852,0.729,0.004559086,1.479281734,,,,
Fgfr2,5.70E-07,0.560129795,0.943,0.954,0.018403629,1.474401859,,,,
Kif26b,9.28E-08,0.533338549,0.925,0.867,0.002994252,1.44727447,,,,
Magi2,1.56E-11,0.516190612,0.979,0.991,5.03E-07,1.430173931,,,,
Rgs6,2.59E-09,0.495327416,0.986,0.95,8.37E-05,1.409640633,,,,
Rbms3,2.61E-09,0.478683163,0.975,0.913,8.41E-05,1.393471178,,,,
Grem2,7.39E-07,0.398371974,0.963,0.954,0.023834839,1.318019737,,,,
Tbc1d1,1.61E-07,0.389141137,0.975,0.963,0.005196005,1.309613535,,,,
Cdkl1,3.46E-08,0.385282558,0.984,0.95,0.001115594,1.306115571,,,,
Malat1,2.78E-20,0.314855711,1,1,8.96E-16,1.243887241,,,,
Atad3a,5.87E-08,-0.250393415,0.037,0.156,0.001892552,-1.18953145,,,,
Cd81,1.25E-08,-0.254706791,0.062,0.211,0.000404692,-1.193093238,,,,
Ror1,4.75E-12,-0.25572339,0,0.106,1.53E-07,-1.19393425,,,,
Nipsnap1,1.90E-14,-0.257233729,0,0.128,6.14E-10,-1.195184819,,,,
Ttll4,1.40E-06,-0.266027003,0.119,0.271,0.045139556,-1.202491756,,,,
Rpl12,3.87E-12,-0.267444736,0.002,0.115,1.25E-07,-1.203674022,,,,
Nsdhl,7.36E-07,-0.268762517,0.025,0.119,0.0237309,-1.20477398,,,,
Ldb2,1.12E-09,-0.271543334,0.05,0.202,3.60E-05,-1.20709844,,,,
Utp20,1.90E-14,-0.272613787,0,0.128,6.14E-10,-1.207994417,,,,
Eci1,2.83E-14,-0.273015058,0.005,0.142,9.13E-10,-1.208330456,,,,
4931406C07Rik,7.92E-20,-0.273989962,0,0.179,2.56E-15,-1.209147263,,,,
Lipa,4.75E-12,-0.274585006,0,0.106,1.53E-07,-1.209646082,,,,
Csad,2.85E-08,-0.275738794,0.073,0.225,0.000918424,-1.210613877,,,,
Slc25a25,1.06E-09,-0.27754042,0.011,0.119,3.43E-05,-1.212126627,,,,
Mdh1,3.75E-07,-0.280297539,0.059,0.188,0.012096313,-1.214445324,,,,
Zfp697,6.30E-09,-0.280454298,0.018,0.128,0.000203384,-1.214577289,,,,
Atp5a1,1.76E-09,-0.285529121,0.009,0.11,5.68E-05,-1.218857208,,,,
Pcdh9,3.09E-11,-0.287042891,0.011,0.133,9.97E-07,-1.220136784,,,,
Cachd1,1.39E-14,-0.287368243,0.002,0.138,4.49E-10,-1.220411976,,,,
Hps3,1.46E-08,-0.288220802,0.055,0.197,0.000470668,-1.221133391,,,,
Emcn,4.33E-15,-0.289065093,0.002,0.142,1.40E-10,-1.221848229,,,,
Glb1,2.32E-11,-0.291672736,0.005,0.115,7.47E-07,-1.224058693,,,,
Ebf1,1.62E-08,-0.292010532,0.027,0.142,0.000522035,-1.224345331,,,,
Bphl,2.13E-10,-0.292320514,0.046,0.202,6.88E-06,-1.224608426,,,,
Sash1,3.46E-08,-0.292371127,0.032,0.147,0.00111557,-1.224651388,,,,
Tpp1,1.58E-12,-0.292748981,0,0.11,5.11E-08,-1.224972177,,,,
Ghitm,9.91E-10,-0.294487519,0.068,0.234,3.20E-05,-1.226449235,,,,
Baiap2,2.73E-09,-0.296064727,0.021,0.138,8.82E-05,-1.227790768,,,,
Atp6v0a4,9.36E-07,-0.296334029,0.368,0.596,0.030210736,-1.228019976,,,,
Fli1,4.82E-07,-0.297625106,0.059,0.183,0.015540238,-1.229119431,,,,
Inpp4b,4.13E-16,-0.298166691,0.027,0.225,1.33E-11,-1.229580926,,,,
Rpl19,1.58E-12,-0.299549039,0,0.11,5.11E-08,-1.230759639,,,,
Mccc1,9.38E-08,-0.300953598,0.084,0.229,0.003026135,-1.231958449,,,,
Tmbim4,9.47E-12,-0.301743624,0.043,0.211,3.06E-07,-1.232633259,,,,
Pakap.1,6.26E-15,-0.301943105,0,0.133,2.02E-10,-1.232803707,,,,
Manba,2.49E-09,-0.304373831,0.187,0.408,8.05E-05,-1.234882548,,,,
Plscr2,2.48E-08,-0.30468517,0.176,0.381,0.00080037,-1.235149069,,,,
Rpl17,2.02E-13,-0.304762991,0.034,0.216,6.52E-09,-1.235215697,,,,
Mme,5.27E-08,-0.3052229,0.014,0.106,0.001700207,-1.235609527,,,,
Abhd17c,1.52E-07,-0.307248954,0.078,0.225,0.004894509,-1.237345979,,,,
Acad11,4.14E-17,-0.308682038,0.005,0.17,1.34E-12,-1.238575693,,,,
Map3k13,5.07E-14,-0.313794397,0.002,0.133,1.63E-09,-1.242972517,,,,
Rnf152,5.52E-09,-0.316895056,0.018,0.128,0.000178128,-1.245646802,,,,
Rps29,1.58E-12,-0.31839171,0,0.11,5.11E-08,-1.246939708,,,,
Fam13a,1.99E-07,-0.321402334,0.094,0.243,0.006404791,-1.249544546,,,,
Gsta3,5.23E-11,-0.321705906,0.03,0.174,1.69E-06,-1.249807502,,,,
Eva1a,2.17E-11,-0.325296712,0.025,0.17,7.02E-07,-1.252922095,,,,
Arpp19,8.43E-14,-0.32564201,0.005,0.138,2.72E-09,-1.253222008,,,,
L3mbtl3,2.06E-09,-0.328175736,0.021,0.138,6.66E-05,-1.255424907,,,,
Cd36,6.72E-16,-0.328459543,0,0.142,2.17E-11,-1.255671898,,,,
Me1,2.05E-15,-0.330805702,0,0.138,6.63E-11,-1.257715575,,,,
Rpl5,4.88E-14,-0.331185565,0.002,0.133,1.58E-09,-1.258046776,,,,
Dnajc19,1.69E-07,-0.33263526,0.139,0.312,0.005459534,-1.259311562,,,,
Tsc22d3,6.70E-08,-0.335858391,0.08,0.234,0.002162551,-1.262128141,,,,
Sdc2,1.85E-07,-0.336593464,0.123,0.289,0.00595877,-1.262771376,,,,
Rgl1,5.77E-14,-0.336757302,0,0.124,1.86E-09,-1.26291479,,,,
Hsph1,2.20E-10,-0.337157156,0.032,0.17,7.10E-06,-1.263264865,,,,
Gm16685,2.52E-20,-0.340191136,0,0.183,8.14E-16,-1.265924299,,,,
Bcl2l1,5.46E-07,-0.34082506,0.313,0.528,0.017622682,-1.266480672,,,,
Acaa2,3.17E-21,-0.341604587,0.007,0.216,1.02E-16,-1.26716517,,,,
Hps5,1.85E-09,-0.341979895,0.068,0.229,5.98E-05,-1.267494859,,,,
Pdk4,5.77E-14,-0.344006057,0,0.124,1.86E-09,-1.269276215,,,,
H2-K1,2.31E-17,-0.345154464,0,0.156,7.46E-13,-1.270286981,,,,
E130102H24Rik,3.72E-08,-0.349049456,0.119,0.289,0.001200726,-1.273721138,,,,
Ndufa12,1.87E-08,-0.351142619,0.064,0.206,0.000604513,-1.275570483,,,,
Psap,1.90E-14,-0.353811373,0,0.128,6.14E-10,-1.277932267,,,,
Fis1,3.93E-09,-0.35415868,0.066,0.22,0.000126886,-1.278239947,,,,
Kifc3,1.25E-09,-0.354810735,0.183,0.431,4.02E-05,-1.278817804,,,,
Plscr4,4.48E-15,-0.355370287,0.016,0.183,1.44E-10,-1.279313892,,,,
Slc22a5,7.92E-20,-0.357194799,0,0.179,2.56E-15,-1.280932806,,,,
Tmem106b,6.83E-10,-0.357933859,0.098,0.289,2.20E-05,-1.281589168,,,,
Add3,9.64E-10,-0.3620299,0.096,0.28,3.11E-05,-1.285232974,,,,
Folh1,2.31E-17,-0.362889593,0,0.156,7.46E-13,-1.285999064,,,,
Igfbp5,4.37E-15,-0.368041474,0.002,0.142,1.41E-10,-1.290599592,,,,
Esd,3.04E-15,-0.368234666,0.021,0.197,9.82E-11,-1.290772428,,,,
Ddah1,1.90E-14,-0.373008476,0,0.128,6.14E-10,-1.295050608,,,,
Tesk2,4.53E-17,-0.375270968,0.005,0.17,1.46E-12,-1.297083151,,,,
Mbd1,2.34E-08,-0.377744381,0.039,0.161,0.000754278,-1.299308829,,,,
Cth,5.85E-13,-0.377870841,0.007,0.138,1.89E-08,-1.299422725,,,,
Clic4,7.92E-20,-0.37805953,0,0.179,2.56E-15,-1.299592686,,,,
Gclc,4.98E-08,-0.380837749,0.299,0.537,0.001607319,-1.302097742,,,,
Rora,5.98E-09,-0.380952183,0.416,0.716,0.000192892,-1.302201028,,,,
Ddo,7.91E-09,-0.381225181,0.037,0.165,0.000255363,-1.302447464,,,,
Klhl24,2.22E-08,-0.381479956,0.119,0.298,0.000717551,-1.302677492,,,,
Slc25a17,9.91E-17,-0.381656675,0.018,0.206,3.20E-12,-1.302837071,,,,
Arhgap42,2.05E-15,-0.382311022,0,0.138,6.63E-11,-1.303428118,,,,
Nhs,1.58E-12,-0.382573549,0,0.11,5.11E-08,-1.303665323,,,,
Fnip1,4.41E-07,-0.384079211,0.267,0.459,0.014217836,-1.305026598,,,,
Ugt8a,2.05E-08,-0.387759666,0.098,0.266,0.000661238,-1.308360098,,,,
Lrrk2,3.35E-12,-0.387908554,0.043,0.22,1.08E-07,-1.308495129,,,,
Kansl1l,1.47E-06,-0.389144612,0.658,0.83,0.047428947,-1.309616689,,,,
Gm47283,5.49E-12,-0.390075292,0.132,0.381,1.77E-07,-1.310461793,,,,
Sycp3,6.16E-10,-0.390237792,0.053,0.211,1.99E-05,-1.310609407,,,,
Itga6,1.03E-06,-0.390256382,0.1,0.239,0.033335154,-1.310626295,,,,
Glb1l2,2.58E-16,-0.391043707,0.025,0.216,8.31E-12,-1.311341741,,,,
Slc22a23,4.56E-09,-0.391411857,0.075,0.234,0.000147115,-1.311676415,,,,
Chuk,6.40E-07,-0.391834857,0.283,0.472,0.020643258,-1.312061057,,,,
Mrps6,3.29E-12,-0.400617289,0.105,0.33,1.06E-07,-1.320072612,,,,
Glud1,7.92E-20,-0.405761268,0,0.179,2.56E-15,-1.324787778,,,,
Map2k6,1.82E-11,-0.406048112,0.034,0.188,5.87E-07,-1.325051205,,,,
Dnaja1,7.58E-08,-0.409028652,0.272,0.477,0.002446296,-1.327791528,,,,
Ppia,3.30E-13,-0.41133884,0.05,0.239,1.06E-08,-1.329919424,,,,
Tnfaip8,2.19E-16,-0.414366703,0,0.147,7.07E-12,-1.33271353,,,,
D630045J12Rik,4.32E-07,-0.414584368,0.153,0.326,0.013927088,-1.332914617,,,,
Prkd1,3.01E-07,-0.415550869,0.046,0.165,0.00970447,-1.333807872,,,,
Mar-02,3.58E-10,-0.417992876,0.064,0.234,1.15E-05,-1.336067481,,,,
Fnip2,5.69E-17,-0.419453676,0.021,0.216,1.84E-12,-1.337421001,,,,
Arsb,2.33E-13,-0.420982243,0.066,0.275,7.51E-09,-1.338838778,,,,
Atrnl1,1.31E-06,-0.421578451,0.461,0.683,0.042181898,-1.339392181,,,,
Cp,3.16E-14,-0.421905121,0.009,0.156,1.02E-09,-1.339695494,,,,
Gas2,6.94E-26,-0.424879288,0,0.234,2.24E-21,-1.342460173,,,,
Meis2,1.12E-16,-0.425055814,0.011,0.188,3.61E-12,-1.342624444,,,,
Nceh1,1.49E-15,-0.426513527,0.002,0.147,4.81E-11,-1.34398173,,,,
Eif4a2,3.70E-09,-0.429112342,0.304,0.55,0.000119301,-1.346404909,,,,
Son,9.03E-08,-0.431764051,0.795,0.89,0.002912592,-1.34888191,,,,
Col27a1,6.76E-14,-0.432022331,0.021,0.183,2.18E-09,-1.349123417,,,,
Naca,4.75E-10,-0.432177847,0.046,0.197,1.53E-05,-1.349268854,,,,
Slc2a9,2.51E-07,-0.43638473,0.025,0.124,0.008082356,-1.353209049,,,,
Eef1a1,3.79E-09,-0.437845067,0.089,0.266,0.000122307,-1.354579499,,,,
Cltrn,7.67E-14,-0.438184484,0.018,0.179,2.47E-09,-1.354898223,,,,
Slc6a6,1.46E-06,-0.438285712,0.226,0.404,0.047020151,-1.354993294,,,,
Phyh,1.21E-14,-0.443357744,0.073,0.303,3.91E-10,-1.35976538,,,,
Ybx1,7.81E-08,-0.443392685,0.26,0.468,0.002520296,-1.359798313,,,,
Fech,1.46E-06,-0.443574832,0.091,0.216,0.047083587,-1.359970005,,,,
Pcdh7,4.43E-08,-0.443602765,0.03,0.142,0.00142873,-1.359996336,,,,
Appl2,3.37E-07,-0.444098005,0.073,0.202,0.010863079,-1.360463268,,,,
Gm12940,5.05E-08,-0.444979199,0.071,0.211,0.001628877,-1.361294489,,,,
Csnk1g3,6.91E-07,-0.449073635,0.416,0.61,0.022284876,-1.365163394,,,,
Rb1cc1,3.82E-07,-0.450982971,0.438,0.624,0.01230981,-1.366971317,,,,
Nus1,6.53E-07,-0.451373496,0.078,0.206,0.021078896,-1.367341394,,,,
Arhgap15,2.37E-24,-0.45332084,0,0.22,7.65E-20,-1.369188272,,,,
Msra,1.78E-15,-0.454161378,0.016,0.188,5.73E-11,-1.369986216,,,,
Rbpms,9.70E-07,-0.45517107,0.648,0.839,0.031286407,-1.370945358,,,,
Marf1,5.09E-07,-0.455825739,0.256,0.427,0.016436112,-1.371567609,,,,
Acyp2,3.99E-07,-0.456299332,0.283,0.482,0.012888776,-1.372017927,,,,
Fam214a,6.86E-19,-0.456784887,0.068,0.344,2.21E-14,-1.372479772,,,,
Foxn3,4.41E-09,-0.457772718,0.372,0.61,0.000142322,-1.373419848,,,,
Pdgfd,8.59E-15,-0.460398457,0.005,0.147,2.77E-10,-1.375921781,,,,
9130230L23Rik,8.96E-07,-0.460981255,0.048,0.161,0.02891977,-1.376477717,,,,
Sgms2,2.26E-07,-0.46246205,0.231,0.422,0.00729652,-1.377891271,,,,
Hnrnpk,5.63E-08,-0.462833711,0.226,0.427,0.001816583,-1.378246283,,,,
Lamp1,5.32E-15,-0.46329938,0.078,0.317,1.71E-10,-1.378691222,,,,
Ncoa7,2.98E-16,-0.465057704,0.053,0.284,9.60E-12,-1.380372564,,,,
Dapk1,5.59E-18,-0.468189021,0.009,0.193,1.80E-13,-1.383371866,,,,
Plpp1,1.92E-18,-0.472986506,0.018,0.22,6.20E-14,-1.387979736,,,,
Ptprk,2.77E-08,-0.473517966,0.466,0.72,0.000894104,-1.388491135,,,,
Atp5c1,4.23E-07,-0.476655995,0.24,0.413,0.013647891,-1.391514551,,,,
Ddx17,8.34E-09,-0.47683022,0.639,0.835,0.000269183,-1.391682606,,,,
Rai14,5.54E-07,-0.47728932,0.153,0.303,0.017879753,-1.392125542,,,,
Dmxl1,7.14E-08,-0.478155672,0.573,0.771,0.0023033,-1.392961778,,,,
Atp6v0b,7.07E-08,-0.478357408,0.281,0.486,0.002281,-1.393156574,,,,
Vwa8,2.51E-09,-0.478451748,0.409,0.661,8.10E-05,-1.393247677,,,,
Sult1d1,2.48E-19,-0.48190495,0,0.174,8.00E-15,-1.396586517,,,,
Rnf169,1.34E-13,-0.484013048,0.295,0.615,4.33E-09,-1.398628732,,,,
Adamts6,5.02E-14,-0.486314306,0.037,0.22,1.62E-09,-1.40086148,,,,
Lactb2,2.46E-23,-0.487562122,0,0.211,7.92E-19,-1.402073637,,,,
Itgb8,2.51E-22,-0.487592064,0,0.202,8.10E-18,-1.402102737,,,,
Jarid2,3.45E-11,-0.490745577,0.413,0.702,1.11E-06,-1.405170872,,,,
Sod2,7.43E-11,-0.491383434,0.105,0.307,2.40E-06,-1.405792277,,,,
Hspa5,4.98E-16,-0.491859404,0.053,0.28,1.61E-11,-1.406256148,,,,
Hibadh,7.48E-08,-0.494737435,0.34,0.546,0.002414439,-1.409064288,,,,
Arhgap26,6.36E-24,-0.497360553,0.002,0.225,2.05E-19,-1.411628588,,,,
Slc30a9,1.00E-08,-0.498816774,0.237,0.436,0.000323367,-1.413054171,,,,
Adgrl4,1.34E-19,-0.500646441,0.027,0.252,4.33E-15,-1.414847383,,,,
Rpl6,9.05E-10,-0.500709697,0.089,0.266,2.92E-05,-1.41490942,,,,
Cat,7.98E-22,-0.503145567,0,0.197,2.58E-17,-1.417300394,,,,
Itgb6,5.91E-07,-0.503863643,0.205,0.39,0.019068764,-1.418006006,,,,
Ptma,2.43E-15,-0.505447992,0.025,0.211,7.85E-11,-1.419564097,,,,
Mtss1,2.37E-24,-0.506302997,0,0.22,7.65E-20,-1.420405643,,,,
4932438A13Rik,8.04E-07,-0.509039182,0.655,0.789,0.025929278,-1.423102111,,,,
Cers6,7.56E-21,-0.51143153,0.018,0.243,2.44E-16,-1.425463927,,,,
Dmtn,3.55E-07,-0.512499943,0.132,0.284,0.011455031,-1.426519969,,,,
Cox7b,2.69E-15,-0.51373796,0.03,0.22,8.68E-11,-1.427744632,,,,
Idh2,3.60E-11,-0.514653805,0.153,0.39,1.16E-06,-1.428651273,,,,
Sorbs1,2.52E-20,-0.517124473,0,0.183,8.14E-16,-1.431099987,,,,
Clu,6.27E-07,-0.518063565,0.114,0.266,0.020214948,-1.432031835,,,,
Igf1r,3.49E-07,-0.519202819,0.5,0.706,0.011263155,-1.433163115,,,,
Rps8,2.05E-15,-0.519459161,0,0.138,6.63E-11,-1.433417786,,,,
Slc7a8,1.31E-12,-0.522126078,0.023,0.174,4.22E-08,-1.436070004,,,,
Mapk4,3.51E-16,-0.523802347,0.037,0.248,1.13E-11,-1.437739545,,,,
Pcmtd1,8.52E-07,-0.534568173,0.475,0.651,0.027502769,-1.448508523,,,,
Crybg1,5.30E-09,-0.538196095,0.523,0.748,0.000170841,-1.452155647,,,,
P3h2,6.95E-07,-0.538480361,0.763,0.867,0.022428604,-1.452441806,,,,
Dpyd,2.51E-22,-0.539041892,0,0.202,8.10E-18,-1.45300724,,,,
Ahcyl2,2.30E-08,-0.539514542,0.386,0.601,0.000743443,-1.453483347,,,,
Cttnbp2,3.21E-09,-0.539555263,0.066,0.22,0.000103465,-1.453524373,,,,
Zbtb20,3.29E-14,-0.546162379,0.9,0.972,1.06E-09,-1.46019635,,,,
Cflar,1.43E-23,-0.549077241,0.025,0.289,4.62E-19,-1.463149554,,,,
Itpr1,2.90E-09,-0.553326549,0.774,0.936,9.35E-05,-1.467465462,,,,
Svopl,2.42E-10,-0.55394567,0.126,0.33,7.81E-06,-1.468095348,,,,
Prkag2,8.03E-10,-0.554805582,0.484,0.702,2.59E-05,-1.468970661,,,,
Slc43a2,2.88E-16,-0.556921679,0.014,0.188,9.29E-12,-1.471126879,,,,
Sema3c,9.42E-07,-0.557723473,0.178,0.335,0.030385356,-1.471944702,,,,
Mapk14,6.81E-17,-0.558407826,0.103,0.381,2.20E-12,-1.472643095,,,,
Abcd3,3.55E-10,-0.564080291,0.306,0.564,1.15E-05,-1.47844471,,,,
Foxp1,8.52E-11,-0.564367531,0.811,0.922,2.75E-06,-1.478739096,,,,
Osbpl9,4.38E-07,-0.565643813,0.5,0.693,0.014142585,-1.480047844,,,,
Dnajc13,1.18E-10,-0.56675856,0.301,0.537,3.82E-06,-1.481191895,,,,
Nek7,3.15E-09,-0.567900748,0.338,0.55,0.000101647,-1.482365025,,,,
Zhx3,6.91E-07,-0.569520063,0.422,0.592,0.022280066,-1.484029801,,,,
Pbld1,7.84E-35,-0.570228831,0,0.312,2.53E-30,-1.484759055,,,,
Ccdc141,7.73E-07,-0.570540462,0.607,0.766,0.024940477,-1.485079807,,,,
Clcnkb,2.63E-10,-0.575754283,0.048,0.202,8.49E-06,-1.490456513,,,,
Slc5a12,2.41E-18,-0.583733266,0,0.165,7.77E-14,-1.498722484,,,,
Rufy3,1.68E-17,-0.584096825,0.064,0.317,5.42E-13,-1.499100209,,,,
Firre,1.30E-07,-0.59460832,0.397,0.56,0.004203154,-1.51006256,,,,
Dleu2,1.13E-08,-0.595040125,0.543,0.752,0.000364907,-1.510514596,,,,
Crebrf,4.68E-08,-0.598500967,0.244,0.44,0.001510529,-1.514142478,,,,
Immp2l,7.43E-12,-0.603421928,0.352,0.683,2.40E-07,-1.519315961,,,,
Tsc22d1,7.11E-15,-0.607528722,0.24,0.573,2.30E-10,-1.523647027,,,,
Klf12,2.46E-27,-0.610837062,0.018,0.303,7.94E-23,-1.527145013,,,,
Fhit,2.93E-10,-0.612762816,0.484,0.734,9.44E-06,-1.529184854,,,,
Pam,1.05E-31,-0.613554553,0.002,0.294,3.38E-27,-1.530024286,,,,
Acadm,1.88E-13,-0.614419709,0.148,0.399,6.07E-09,-1.530942087,,,,
Hacd2,6.94E-25,-0.62203992,0.048,0.353,2.24E-20,-1.539049806,,,,
Ralgapa2,3.93E-07,-0.626386246,0.436,0.573,0.012676575,-1.543693405,,,,
Dst,1.25E-10,-0.62686865,0.534,0.775,4.04E-06,-1.544209667,,,,
Kng2,6.88E-13,-0.629779326,0.087,0.303,2.22E-08,-1.547328297,,,,
Hnrnph1,4.74E-10,-0.63004969,0.279,0.518,1.53E-05,-1.547618296,,,,
Evi5,1.26E-11,-0.631957385,0.269,0.523,4.06E-07,-1.549666086,,,,
Tmprss2,7.42E-07,-0.638514027,0.345,0.514,0.023945889,-1.556724909,,,,
Plcl1,2.83E-11,-0.638899495,0.968,0.995,9.13E-07,-1.557140901,,,,
Galnt18,1.26E-07,-0.645946364,0.781,0.858,0.004059144,-1.564765388,,,,
Il1rapl1,1.11E-07,-0.651278065,0.263,0.468,0.00358324,-1.570558918,,,,
Pkp4,1.58E-15,-0.65484682,0.315,0.647,5.10E-11,-1.574448775,,,,
Parp8,1.95E-10,-0.657008718,0.603,0.798,6.30E-06,-1.576809877,,,,
Spp1,3.52E-15,-0.657091924,0.096,0.358,1.14E-10,-1.57690082,,,,
Ppp2r2b,5.14E-08,-0.659159515,0.249,0.445,0.001656988,-1.579162367,,,,
Klf9,8.19E-31,-0.659516476,0.016,0.326,2.64E-26,-1.579553143,,,,
Pde4dip,4.09E-17,-0.663365775,0.144,0.436,1.32E-12,-1.583773224,,,,
Pcsk5,2.67E-22,-0.668222762,0.05,0.339,8.61E-18,-1.589114152,,,,
Pawr,9.65E-26,-0.671103271,0.016,0.284,3.11E-21,-1.592290173,,,,
Ank3,8.90E-12,-0.673854909,0.683,0.872,2.87E-07,-1.59533003,,,,
Robo1,4.88E-10,-0.682766969,0.082,0.261,1.58E-05,-1.605215474,,,,
Trabd2b,7.13E-17,-0.682953092,0,0.151,2.30E-12,-1.605422578,,,,
Iqsec2,9.75E-07,-0.687130455,0.306,0.459,0.031454235,-1.610077859,,,,
Slc5a3,2.08E-18,-0.694689533,0.089,0.362,6.71E-14,-1.618536088,,,,
Plxdc2,8.92E-11,-0.695446965,0.543,0.761,2.88E-06,-1.619386062,,,,
Slc16a10,3.11E-16,-0.69914192,0.057,0.275,1.00E-11,-1.623538864,,,,
Fggy,7.86E-23,-0.699292447,0,0.206,2.54E-18,-1.623708268,,,,
Fut8,1.23E-10,-0.701837291,0.18,0.394,3.96E-06,-1.626574939,,,,
Picalm,6.17E-13,-0.703611169,0.482,0.757,1.99E-08,-1.628576137,,,,
Mbnl1,1.13E-11,-0.706635218,0.363,0.601,3.64E-07,-1.631993395,,,,
Ddx5,6.87E-10,-0.714308759,0.422,0.665,2.22E-05,-1.640696919,,,,
Trim2,3.17E-08,-0.718423526,0.288,0.477,0.00102401,-1.645383095,,,,
Nfia,1.09E-10,-0.724174423,0.491,0.72,3.52E-06,-1.65195504,,,,
Trpm7,2.92E-16,-0.729219081,0.317,0.674,9.42E-12,-1.657741527,,,,
Aass,2.37E-24,-0.730313838,0,0.22,7.65E-20,-1.658999945,,,,
Foxo1,3.30E-31,-0.73194025,0.027,0.367,1.07E-26,-1.660871261,,,,
Srsf5,2.65E-15,-0.736464741,0.139,0.408,8.56E-11,-1.666088159,,,,
Ivns1abp,1.08E-14,-0.737967809,0.607,0.908,3.48E-10,-1.667824873,,,,
AY036118,4.75E-12,-0.737995616,0.196,0.45,1.53E-07,-1.667857019,,,,
Gramd1b,2.41E-18,-0.738240138,0,0.165,7.77E-14,-1.668139728,,,,
Maf,7.92E-20,-0.742131098,0,0.179,2.56E-15,-1.672644787,,,,
Nrg1,2.54E-22,-0.764821879,0.062,0.362,8.19E-18,-1.6991602,,,,
Adgrg3,5.96E-11,-0.765456717,0.445,0.661,1.92E-06,-1.699908056,,,,
Nox4,3.73E-32,-0.7661105,0,0.289,1.20E-27,-1.700678575,,,,
Oxr1,3.63E-21,-0.767203735,0.142,0.482,1.17E-16,-1.701967791,,,,
Dab2,7.47E-18,-0.772757719,0,0.161,2.41E-13,-1.708532533,,,,
Srsf2,7.64E-24,-0.797729418,0,0.216,2.47E-19,-1.738363054,,,,
AI838599,5.76E-08,-0.818973614,0.189,0.372,0.001859208,-1.764150465,,,,
Plcb1,1.97E-27,-0.83481219,0,0.248,6.35E-23,-1.783624832,,,,
Unc5c,4.85E-30,-0.843090623,0,0.271,1.57E-25,-1.793888999,,,,
Acsl1,2.24E-13,-0.846860071,0.16,0.404,7.24E-09,-1.798582168,,,,
Pde4d,3.27E-21,-0.847524297,0.495,0.881,1.05E-16,-1.799410438,,,,
Gphn,3.98E-18,-0.848350748,0.747,0.927,1.28E-13,-1.800441529,,,,
Slc25a21,2.12E-26,-0.851451277,0,0.239,6.85E-22,-1.80431506,,,,
Lrmda,7.24E-15,-0.869636075,0.342,0.661,2.34E-10,-1.827201924,,,,
Cdk6,3.19E-12,-0.870456053,0.183,0.413,1.03E-07,-1.828240737,,,,
Fkbp5,1.62E-29,-0.871347386,0,0.266,5.24E-25,-1.82937062,,,,
Slc12a6,5.46E-32,-0.872303246,0.037,0.394,1.76E-27,-1.830583074,,,,
Camk1d,8.33E-22,-0.886342549,0.801,0.94,2.69E-17,-1.848483991,,,,
Atp11a,5.73E-27,-0.903918731,0.002,0.252,1.85E-22,-1.871141589,,,,
Atp2a2,8.46E-21,-0.906354914,0.116,0.445,2.73E-16,-1.87430393,,,,
Adk,4.74E-20,-0.94416665,0.21,0.56,1.53E-15,-1.924077152,,,,
Kcnh5,2.09E-09,-0.962853536,0.263,0.463,6.73E-05,-1.94916137,,,,
Bnc2,1.97E-27,-0.968485232,0,0.248,6.35E-23,-1.956784976,,,,
Zbtb16,2.37E-24,-0.968827138,0.247,0.656,7.63E-20,-1.957248771,,,,
Lgr4,2.69E-15,-0.984917045,0.224,0.514,8.67E-11,-1.979199506,,,,
Map3k5,3.60E-28,-0.995504441,0.032,0.344,1.16E-23,-1.993777532,,,,
Osbpl8,2.68E-26,-1.01947005,0.084,0.436,8.65E-22,-2.027174174,,,,
Rsrp1,6.43E-28,-1.036961776,0.123,0.518,2.07E-23,-2.051901925,,,,
Slc15a2,3.75E-23,-1.049435827,0.142,0.486,1.21E-18,-2.069720315,,,,
Wnk1,7.33E-28,-1.058106239,0.217,0.647,2.37E-23,-2.082196521,,,,
Chpt1,3.31E-25,-1.159443131,0.272,0.711,1.07E-20,-2.233711915,,,,
Tns1,2.67E-29,-1.2656943,0.187,0.638,8.63E-25,-2.404428957,,,,
Sugct,1.62E-29,-1.267671506,0,0.266,5.24E-25,-2.407726474,,,,
Ghr,3.73E-32,-1.272016748,0,0.289,1.20E-27,-2.414989218,,,,
Cdk8,5.03E-31,-1.278726896,0.358,0.784,1.62E-26,-2.426247785,,,,
Atp1a1,2.32E-32,-1.347934507,0.025,0.362,7.48E-28,-2.545474313,,,,
Snx29,1.13E-47,-1.399002231,0,0.417,3.66E-43,-2.637191307,,,,
Fut9,3.36E-42,-1.461522967,0.002,0.381,1.08E-37,-2.753989325,,,,
Gm26917,2.05E-31,-1.475905342,0.032,0.367,6.63E-27,-2.781581433,,,,
Trps1,8.80E-57,-1.653155547,0.005,0.505,2.84E-52,-3.145208256,,,,
Ptprd,1.16E-46,-1.82343781,0.08,0.61,3.74E-42,-3.539235619,,,,
Cmss1,2.73E-59,-1.859036642,0.696,0.977,8.81E-55,-3.627653452,,,,
Lars2,4.29E-59,-2.124880448,0.123,0.725,1.38E-54,-4.361669478,,,,
Gm42418,2.90E-83,-2.286140475,0.893,1,9.37E-79,-4.877495273,,,,
Eprs,3.36E-05,1.156337048,0.466,0.312,1,2.228907966,,,,
Trpv5,0.001420706,0.890091685,0.128,0.05,1,1.853293899,,,,
Ctnnd2,0.017190062,0.811277475,0.308,0.248,1,1.754764561,,,,
Nr4a2,4.52E-05,0.807416207,0.388,0.243,1,1.750074341,,,,
Plet1,0.000367138,0.798023431,0.295,0.179,1,1.738717359,,,,
Gm36975,0.000151137,0.792536335,0.4,0.257,1,1.732116941,,,,
Kitl,5.79E-05,0.773245758,0.737,0.725,1,1.709110598,,,,
Baiap2l1,2.68E-06,0.745522985,0.644,0.537,0.086310437,1.676581929,,,,
Gm17276,0.00180774,0.716701025,0.525,0.422,1,1.643419767,,,,
Jak2,6.00E-05,0.711963259,0.484,0.367,1,1.638031679,,,,
Hs6st3,0.001931336,0.703570239,0.199,0.106,1,1.628529935,,,,
Bcar3,0.048282256,0.669677542,0.406,0.344,1,1.590717385,,,,
Gm48678,1.86E-06,0.668576322,0.582,0.404,0.060043635,1.589503642,,,,
Shroom3,0.000293874,0.664428188,0.922,0.927,1,1.584939958,,,,
Stim2,9.12E-06,0.662311847,0.747,0.693,0.294336038,1.582616657,,,,
Bri3,0.000103304,0.649325573,0.6,0.477,1,1.568434817,,,,
Epb41,0.000235449,0.644629231,0.884,0.885,1,1.56333746,,,,
Ttc39b,7.53E-06,0.64382869,0.5,0.339,0.242819398,1.562470217,,,,
Trmt9b,9.95E-06,0.637616973,0.297,0.147,0.321144813,1.555757253,,,,
Srebf2,0.000111171,0.630289476,0.409,0.284,1,1.547875542,,,,
Usp2,1.56E-05,0.624549951,0.502,0.358,0.502985513,1.541729807,,,,
Cul2,5.89E-06,0.623907827,0.39,0.229,0.189927328,1.541043757,,,,
Tpm4,4.07E-05,0.623074182,0.411,0.275,1,1.54015354,,,,
Defb1,0.32332049,0.620049642,0.215,0.271,1,1.536928065,,,,
Cmip,6.37E-05,0.615638047,0.74,0.647,1,1.532235494,,,,
Gm13415,0.003738514,0.612204465,0.47,0.372,1,1.528593144,,,,
Actn4,8.40E-06,0.608822501,0.703,0.55,0.270906498,1.525014015,,,,
Cpt1a,2.81E-06,0.605723341,0.799,0.734,0.09056027,1.521741536,,,,
Csrp2,0.00728974,0.59718959,0.459,0.394,1,1.512766782,,,,
Usp33,0.003745877,0.596837766,0.546,0.454,1,1.512397915,,,,
Paxbp1,1.77E-05,0.591569616,0.769,0.725,0.572484334,1.506885309,,,,
Myo1b,3.15E-05,0.587805858,0.591,0.436,1,1.502959213,,,,
Csrp1,1.98E-05,0.58628821,0.315,0.165,0.640105,1.501379,,,,
Ptpn21,0.000141927,0.586101442,0.436,0.284,1,1.501184648,,,,
Cdc42se2,4.17E-06,0.581865956,0.753,0.642,0.134444864,1.49678391,,,,
Mtus1,2.06E-05,0.57259719,0.623,0.477,0.664315792,1.487198469,,,,
Acsl4,6.74E-05,0.566480779,0.543,0.376,1,1.480906729,,,,
Iqgap2,2.13E-05,0.566468502,0.884,0.835,0.687658208,1.480894127,,,,
Blnk,0.000862613,0.566078592,0.724,0.679,1,1.480493946,,,,
Pou6f1,9.26E-06,0.558907181,0.361,0.22,0.298689749,1.473152904,,,,
Atp4a,0.54129402,0.555589852,0.164,0.151,1,1.469769432,,,,
Smarca2,0.001346577,0.554317075,0.662,0.555,1,1.468473341,,,,
Gpd2,0.000698635,0.551565492,0.47,0.367,1,1.465675262,,,,
Cry2,4.06E-06,0.550807439,0.322,0.161,0.131151729,1.464905336,,,,
Grem1,0.042032279,0.543999123,0.224,0.165,1,1.458008492,,,,
Gm14211,0.000123031,0.541297257,0.274,0.142,1,1.455280503,,,,
Nuak2,0.885930875,0.537391262,0.235,0.252,1,1.451345762,,,,
Gm12925,3.19E-05,0.528349495,0.235,0.106,1,1.442278223,,,,
Dagla,4.34E-06,0.526424269,0.244,0.092,0.140045368,1.440354837,,,,
Tmem164,0.001871832,0.523919465,0.717,0.665,1,1.437856265,,,,
Ufsp1,0.000359061,0.521960873,0.224,0.115,1,1.435905567,,,,
Mcoln3,2.51E-05,0.52160797,0.61,0.463,0.808395596,1.435554368,,,,
Dctn4,0.000327267,0.520957078,0.429,0.298,1,1.434906844,,,,
Ppard,0.002511066,0.519434538,0.317,0.216,1,1.433393322,,,,
Tspan15,0.002477241,0.518624654,0.438,0.344,1,1.432588885,,,,
Smad7,0.000155879,0.516675557,0.441,0.294,1,1.430654748,,,,
Gm20713,0.011271703,0.514332734,0.174,0.106,1,1.428333363,,,,
Sik2,0.00030836,0.514111111,0.721,0.633,1,1.428113963,,,,
Anapc16,4.41E-06,0.512035506,0.374,0.202,0.142333771,1.426060814,,,,
Trpv6,0.032733069,0.51187011,0.146,0.092,1,1.425897334,,,,
Gm20275,2.21E-05,0.509033442,0.53,0.362,0.713873851,1.423096448,,,,
Gm15261,0.008310453,0.504367617,0.511,0.417,1,1.418501442,,,,
Gm26586,2.68E-06,0.504217827,0.192,0.055,0.086513347,1.418354171,,,,
Osbpl1a,0.000512206,0.502969568,0.726,0.67,1,1.417127503,,,,
Cystm1,1.80E-06,0.501360066,0.881,0.789,0.057977763,1.415547407,,,,
3110021N24Rik,0.003565399,0.500640302,0.267,0.17,1,1.414841363,,,,
Gm15563,3.16E-05,0.498449838,0.269,0.128,1,1.412694819,,,,
Gng4,0.002454023,0.495960274,0.226,0.133,1,1.410259127,,,,
Plekha6,0.001841431,0.492902844,0.58,0.486,1,1.407273601,,,,
Zfp609,0.000171531,0.492107439,0.712,0.628,1,1.40649794,,,,
Stk40,0.000259095,0.48912349,0.639,0.541,1,1.403591864,,,,
Adamts9,0.002092434,0.488101915,0.306,0.193,1,1.402598329,,,,
Sorl1,0.00029684,0.484542056,0.639,0.569,1,1.399141676,,,,
Anks1,0.018402176,0.482895146,0.582,0.514,1,1.397545396,,,,
Map3k14,0.001828164,0.479975468,0.461,0.353,1,1.39471995,,,,
Sybu,0.039470152,0.479671345,0.263,0.202,1,1.394425971,,,,
Sh3rf1,0.039782533,0.478368753,0.881,0.936,1,1.393167529,,,,
Aplp2,0.07740554,0.477510789,0.737,0.734,1,1.392339265,,,,
Dop1b,0.00543249,0.475062519,0.687,0.628,1,1.389978453,,,,
Vav3,0.006043343,0.47462999,0.632,0.578,1,1.389561791,,,,
Plcd3,0.000281432,0.473333572,0.532,0.394,1,1.38831368,,,,
Rsrc2,2.68E-06,0.472177647,0.719,0.564,0.086385989,1.387201773,,,,
3110082I17Rik,0.001395824,0.471641192,0.322,0.22,1,1.386686048,,,,
Rnf19a,0.027393341,0.469395221,0.669,0.642,1,1.384528951,,,,
Btbd1,2.47E-05,0.468006044,0.53,0.358,0.797013419,1.383196424,,,,
Grip1os2,3.49E-05,0.467052086,0.192,0.069,1,1.38228211,,,,
Hdac4,1.23E-05,0.464746427,0.799,0.72,0.398032577,1.380074766,,,,
Gm15283,0.002983699,0.462603924,0.516,0.408,1,1.378026779,,,,
Gm37240,0.000235466,0.459522165,0.731,0.624,1,1.3750863,,,,
Rapgef3,6.01E-06,0.458437732,0.886,0.807,0.193775608,1.374053075,,,,
Gata3,0.019284111,0.456631333,0.623,0.596,1,1.3723337,,,,
Zswim6,0.003378305,0.455983476,0.856,0.821,1,1.371717577,,,,
Mbnl2,0.000239521,0.455137853,0.902,0.849,1,1.370913793,,,,
Ap1s3,0.003139968,0.453436219,0.521,0.44,1,1.369297777,,,,
4930422I22Rik,0.002355198,0.452347096,0.388,0.28,1,1.368264454,,,,
Adora1,0.000188092,0.452012932,0.377,0.239,1,1.367947566,,,,
Prom1,0.00543388,0.45187621,0.66,0.615,1,1.367817934,,,,
Gm13269,0.001593656,0.446172011,0.418,0.307,1,1.362420465,,,,
Lncppara,0.00258647,0.445097222,0.674,0.601,1,1.361405858,,,,
Abhd3,0.016370364,0.44297265,0.571,0.505,1,1.359402471,,,,
Mon2,0.001588288,0.440912196,0.801,0.789,1,1.357462361,,,,
Mib1,0.003661263,0.439711762,0.886,0.89,1,1.356333317,,,,
Tfap2a,0.000408605,0.438616062,0.466,0.33,1,1.355303598,,,,
Dnajb2,0.001015973,0.436627287,0.461,0.349,1,1.35343658,,,,
Lgals3,0.003638688,0.435690635,0.463,0.372,1,1.352558163,,,,
Ddit4,0.000401294,0.435307679,0.185,0.087,1,1.352199182,,,,
Nfe2l2,0.001462809,0.435306509,0.726,0.633,1,1.352198084,,,,
Gm26632,3.58E-05,0.432963377,0.34,0.183,1,1.350003714,,,,
Pde3b,1.81E-06,0.431345797,0.961,0.959,0.05853143,1.34849091,,,,
Agrp,8.91E-05,0.430520039,0.555,0.39,1,1.347719293,,,,
4933423P22Rik,0.000288608,0.429647653,0.297,0.161,1,1.346904584,,,,
Ttc19,0.00020106,0.428535985,0.521,0.385,1,1.345867127,,,,
Gtf2f2,9.41E-05,0.428404956,0.418,0.261,1,1.345744898,,,,
Smim3,0.001333409,0.423889355,0.233,0.128,1,1.341539334,,,,
4930512B01Rik,0.011594074,0.4226171,0.336,0.252,1,1.340356805,,,,
Gm12145,0.001639355,0.422080469,0.315,0.202,1,1.339858333,,,,
Tacc2,0.00134561,0.42071014,0.909,0.904,1,1.338586287,,,,
Gm19522,0.002855995,0.417891185,0.288,0.183,1,1.335973309,,,,
Isy1,0.00134809,0.417500218,0.242,0.138,1,1.335611312,,,,
2610020C07Rik,0.002479319,0.416929665,0.306,0.197,1,1.335083213,,,,
Heg1,0.699826232,0.416508407,0.317,0.326,1,1.334693434,,,,
Tor1aip2,0.004938725,0.413063973,0.495,0.408,1,1.331510655,,,,
Gm26532,1.29E-05,0.412031027,0.24,0.101,0.41532752,1.330557656,,,,
Ehd4,0.028075687,0.411529654,0.461,0.413,1,1.330095334,,,,
Gm10848,0.002857579,0.411500952,0.409,0.307,1,1.330068873,,,,
Itgb5,0.003740045,0.411500237,0.482,0.385,1,1.330068214,,,,
Rab5b,0.00034244,0.410347777,0.269,0.147,1,1.329006147,,,,
Gm6225,0.008903203,0.408335842,0.279,0.197,1,1.32715405,,,,
Gak,0.020524784,0.408000086,0.418,0.344,1,1.32684522,,,,
Cd9,0.002958965,0.407990605,0.379,0.261,1,1.3268365,,,,
Ppfia2,0.058292864,0.407562568,0.297,0.248,1,1.326442896,,,,
Slc38a6,0.00042502,0.406484237,0.548,0.422,1,1.325451827,,,,
Pabpc4,4.79E-05,0.404529803,0.358,0.202,1,1.323657439,,,,
Tor1aip1,0.079680209,0.403353272,0.468,0.427,1,1.322578424,,,,
Syn3,0.95770517,0.40184647,0.475,0.495,1,1.321197798,,,,
Shoc2,0.004678327,0.400645259,0.468,0.385,1,1.320098205,,,,
A430090L17Rik,0.000514899,0.399773614,0.349,0.216,1,1.319300871,,,,
4933406I18Rik,0.000250288,0.398623313,0.87,0.849,1,1.318249376,,,,
Ablim1,2.04E-05,0.397321207,0.936,0.899,0.65894843,1.317060124,,,,
Stat3,9.90E-05,0.397267196,0.87,0.752,1,1.317010818,,,,
Galnt2,0.001197714,0.396763302,0.553,0.45,1,1.316550902,,,,
Clasp2,0.012647033,0.396071888,0.689,0.642,1,1.315920094,,,,
Gtpbp2,0.00063446,0.396016892,0.402,0.284,1,1.315869932,,,,
Ddhd1,0.55742071,0.39555537,0.521,0.56,1,1.315449049,,,,
Msmo1,0.004874424,0.394581499,0.103,0.041,1,1.314561373,,,,
Eda,0.206069698,0.391838058,0.162,0.128,1,1.312063968,,,,
Gab1,0.235343166,0.390589283,0.594,0.628,1,1.310928757,,,,
Ache,0.007993487,0.387829729,0.363,0.28,1,1.308423638,,,,
Tbc1d30,0.01005468,0.387098787,0.18,0.11,1,1.307760893,,,,
Sik3,0.001424139,0.386730174,0.902,0.899,1,1.307426799,,,,
Sergef,0.02660375,0.38593896,0.358,0.275,1,1.306709967,,,,
Hs3st3b1,0.043899673,0.385455899,0.251,0.188,1,1.306272511,,,,
Scel,0.083973928,0.385032693,0.29,0.243,1,1.305889379,,,,
Macc1,0.004929942,0.384573203,0.427,0.317,1,1.305473527,,,,
Rnf121,0.001262408,0.384425344,0.388,0.266,1,1.305339739,,,,
P4ha1,0.055102519,0.383504026,0.363,0.307,1,1.304506404,,,,
Clic1,0.00520362,0.380950797,0.299,0.211,1,1.302199777,,,,
Mrpl33,0.006935965,0.379434093,0.39,0.289,1,1.300831495,,,,
Mtch1,0.003055248,0.379225856,0.374,0.271,1,1.300643749,,,,
Gm16091,4.48E-05,0.378914825,0.164,0.05,1,1.300363372,,,,
1600010M07Rik,0.00011554,0.378836587,0.361,0.202,1,1.300292855,,,,
Kras,2.62E-05,0.37838204,0.461,0.28,0.845733182,1.299883239,,,,
Gm28375,0.002236175,0.378068731,0.279,0.174,1,1.299600975,,,,
Rsf1os1,0.004114938,0.377390467,0.205,0.119,1,1.298990129,,,,
Tmem135,0.002567879,0.376858684,0.833,0.807,1,1.298511404,,,,
Dusp16,0.002944192,0.376527195,0.502,0.385,1,1.298213079,,,,
Ube2d2a,6.48E-05,0.375886639,0.674,0.518,1,1.2976368,,,,
Tfeb,0.019122473,0.375061267,0.432,0.349,1,1.296894628,,,,
Ptpn18,0.001689152,0.374193295,0.507,0.372,1,1.29611461,,,,
Gm42836,0.011104341,0.373593465,0.169,0.096,1,1.295575835,,,,
Ier5l,0.000675549,0.37326162,0.174,0.083,1,1.295277865,,,,
Fubp1,0.003794074,0.372891894,0.728,0.706,1,1.294945961,,,,
Lrrc41,0.000556894,0.371470122,0.208,0.101,1,1.293670424,,,,
4930486I03Rik,0.000244006,0.370692713,0.632,0.5,1,1.292973505,,,,
Axin1,0.005391266,0.370023137,0.306,0.211,1,1.292373557,,,,
Grip1,0.000414423,0.369330084,0.906,0.908,1,1.291752865,,,,
Bcar1,0.003496462,0.368679572,0.336,0.22,1,1.291170545,,,,
Fam118b,0.016585649,0.368062503,0.311,0.229,1,1.290618404,,,,
Rb1,0.000827685,0.367259262,0.804,0.743,1,1.289900033,,,,
Pvr,0.006787436,0.366690901,0.311,0.211,1,1.289391967,,,,
Nipsnap2,0.002249566,0.366477325,0.632,0.509,1,1.289201101,,,,
Gm26749,0.000408481,0.365422936,0.263,0.142,1,1.288259236,,,,
Kctd8,0.133932884,0.365024741,0.5,0.468,1,1.287903716,,,,
Psma1,2.19E-05,0.363890212,0.381,0.216,0.705821565,1.286891312,,,,
Gm48094,0.022856937,0.363145299,0.194,0.128,1,1.286227017,,,,
Gm44686,5.47E-05,0.362740533,0.324,0.17,1,1.285866201,,,,
Flvcr1,0.018808949,0.361931778,0.626,0.573,1,1.285145564,,,,
Aqp3,0.010961345,0.361906436,0.406,0.33,1,1.285122989,,,,
Slc31a1,0.002794127,0.361009382,0.447,0.349,1,1.284324161,,,,
Rgs11,0.006798087,0.36081703,0.295,0.197,1,1.284152935,,,,
Eva1c,0.008895412,0.360525508,0.352,0.252,1,1.283893476,,,,
Rad23b,0.003014268,0.360134521,0.374,0.275,1,1.283545574,,,,
Gm13963,0.011904957,0.359250509,0.128,0.064,1,1.282759321,,,,
Gna13,0.035676922,0.358905705,0.482,0.44,1,1.282452779,,,,
Cyth3,0.002672745,0.358210279,0.441,0.321,1,1.281834744,,,,
Gm16552,0.000150891,0.358099136,0.194,0.083,1,1.281735997,,,,
Ntn4,0.474106988,0.357559057,0.708,0.775,1,1.281256264,,,,
Bmp3,0.01364337,0.357275607,0.26,0.183,1,1.281004556,,,,
Ddx3y,0.091232736,0.355912679,0.438,0.413,1,1.279794951,,,,
Cog7,0.000384032,0.355627543,0.731,0.61,1,1.279542035,,,,
Rab2b,0.001999565,0.353343972,0.194,0.101,1,1.277518313,,,,
Gm48765,0.008340252,0.35097519,0.233,0.147,1,1.275422458,,,,
Mecp2,0.002382407,0.350750938,0.511,0.385,1,1.275224222,,,,
Gmeb2,0.022914413,0.350021473,0.342,0.271,1,1.274579598,,,,
Golm1,0.01271157,0.349232868,0.231,0.151,1,1.273883078,,,,
Dtnbos,0.000335481,0.349021107,0.203,0.092,1,1.27369611,,,,
Rsph9,0.00031108,0.348563082,0.155,0.06,1,1.273291802,,,,
Tmem178,0.000409261,0.347802903,0.74,0.628,1,1.272621061,,,,
Pip5k1a,0.008359958,0.347676481,0.418,0.33,1,1.272509547,,,,
Slc25a12,0.01274748,0.345307812,0.612,0.523,1,1.270422009,,,,
Tsc22d4,0.016193406,0.344216313,0.546,0.468,1,1.269461211,,,,
Cyth1,0.093586464,0.343762076,0.539,0.486,1,1.269061579,,,,
Cpeb4,0.928344647,0.342259398,0.749,0.839,1,1.267740442,,,,
Taf1,0.002411222,0.341379771,0.358,0.243,1,1.266967722,,,,
Hsd17b12,0.006051619,0.340183413,0.368,0.271,1,1.265917523,,,,
Tbc1d16,0.0041861,0.338235435,0.498,0.399,1,1.264209389,,,,
Akap12,0.81864859,0.337433916,0.1,0.106,1,1.263507227,,,,
1700001D01Rik,5.78E-05,0.337303927,0.142,0.037,1,1.263393388,,,,
Ranbp3l,0.001416895,0.335070955,0.705,0.601,1,1.261439448,,,,
Arhgef38,0.002985007,0.334821125,0.587,0.463,1,1.261221025,,,,
Gm47027,0.006022543,0.334687979,0.135,0.064,1,1.261104632,,,,
4921531C22Rik,0.007715056,0.334185316,0.189,0.115,1,1.260665315,,,,
Reep3,0.04671248,0.33361047,0.409,0.349,1,1.2601631,,,,
Plekhg3,0.001136354,0.333473645,0.721,0.633,1,1.260043592,,,,
Zfp64,0.001426934,0.333374295,0.301,0.183,1,1.259956823,,,,
B4galt6,0.128722687,0.332650747,0.589,0.569,1,1.259325081,,,,
Hmgcr,0.005611593,0.33075271,0.176,0.096,1,1.257669378,,,,
Car15,0.021533918,0.329576188,0.605,0.564,1,1.256644163,,,,
Tmem213,0.002402633,0.328621495,0.219,0.124,1,1.255812864,,,,
Lrrc31,0.147494431,0.328399249,0.176,0.138,1,1.255619421,,,,
Gstt1,0.006562989,0.327801137,0.358,0.261,1,1.255098975,,,,
Vcl,0.129878916,0.327366389,0.473,0.413,1,1.254720815,,,,
Ehf,0.214316116,0.324825042,0.486,0.459,1,1.252512536,,,,
Gnas,0.115400314,0.324778057,0.61,0.587,1,1.252471744,,,,
Gata2,0.075687688,0.323168417,0.363,0.303,1,1.251075119,,,,
E530011L22Rik,0.001681157,0.323016216,0.228,0.124,1,1.25094314,,,,
Skil,0.0338361,0.322780321,0.434,0.367,1,1.250738616,,,,
Smchd1,0.004443142,0.321728179,0.74,0.642,1,1.249826798,,,,
Gm26672,0.038122463,0.321671717,0.174,0.115,1,1.249777885,,,,
Scamp5,0.006732804,0.321424125,0.489,0.39,1,1.249563419,,,,
Emd,0.002512449,0.32019612,0.326,0.216,1,1.248500259,,,,
Braf,0.012075575,0.319569707,0.68,0.633,1,1.247958282,,,,
Gnb1,0.011334348,0.318770672,0.715,0.674,1,1.247267293,,,,
Gng12,0.160206022,0.318393665,0.758,0.761,1,1.246941398,,,,
Rcn1,0.00109283,0.316888479,0.18,0.087,1,1.245641123,,,,
Exd1,0.028451082,0.316739482,0.187,0.124,1,1.245512484,,,,
Eva1b,0.003169977,0.316534422,0.267,0.17,1,1.245335464,,,,
Clcn5,0.042053479,0.316021957,0.386,0.307,1,1.244893182,,,,
Ell,0.002609925,0.315523181,0.269,0.17,1,1.244462865,,,,
Ube2i,0.029929369,0.314206242,0.4,0.321,1,1.243327397,,,,
Suz12,0.030165653,0.31420095,0.384,0.307,1,1.243322837,,,,
Fbxo4,0.010049321,0.313551289,0.205,0.124,1,1.242763081,,,,
Lmna,0.000758287,0.309880493,0.217,0.11,1,1.239605011,,,,
Car2,0.2308034,0.309711582,0.416,0.381,1,1.239459887,,,,
Gm50250,0.011437279,0.309443692,0.183,0.106,1,1.239229757,,,,
Mapkapk2,0.107157586,0.308537967,0.441,0.372,1,1.238452012,,,,
Hivep2,0.070026818,0.306460025,0.852,0.872,1,1.236669528,,,,
Rc3h2,0.004692659,0.306082108,0.402,0.303,1,1.236345623,,,,
Usp10,0.125455182,0.305302483,0.422,0.381,1,1.235677688,,,,
Cxcl16,4.45E-05,0.305107117,0.148,0.041,1,1.235510367,,,,
Btaf1,0.033424972,0.304478888,0.687,0.661,1,1.234972476,,,,
Stard4,0.021773541,0.302983327,0.267,0.193,1,1.233692912,,,,
Pax8,0.538847677,0.301938923,0.799,0.839,1,1.232800133,,,,
Pnn,0.082961264,0.301909476,0.514,0.477,1,1.232774971,,,,
Btbd9,0.001270631,0.30148731,0.904,0.894,1,1.232414285,,,,
Tob2,0.068441661,0.300406081,0.402,0.33,1,1.231490997,,,,
Xrcc6,0.11096945,0.299451815,0.326,0.275,1,1.230676701,,,,
Hist1h2bc,0.023113639,0.299160319,0.123,0.069,1,1.230428068,,,,
Notch3,0.071270407,0.299147599,0.235,0.179,1,1.23041722,,,,
Gm16599,0.071326819,0.298982048,0.527,0.459,1,1.230276036,,,,
Cldn7,0.004612347,0.298776809,0.292,0.193,1,1.230101028,,,,
Gm20395,0.053648194,0.29843381,0.201,0.147,1,1.229808608,,,,
Rai1,0.051770005,0.29815161,0.516,0.459,1,1.229568074,,,,
Tapbp,0.00027758,0.297585722,0.169,0.069,1,1.229085878,,,,
Eya3,0.004068743,0.297081997,0.39,0.28,1,1.22865681,,,,
Sgpp2,0.004938164,0.296818815,0.852,0.835,1,1.228432695,,,,
Tbpl1,0.029270075,0.296707815,0.128,0.073,1,1.228338184,,,,
Fzd4,0.006231504,0.296598457,0.37,0.266,1,1.228245077,,,,
Tshz1,0.01152931,0.295893525,0.502,0.408,1,1.227645077,,,,
Dcaf5,0.030028381,0.295287629,0.534,0.445,1,1.227129605,,,,
Insyn2a,0.007235172,0.295095872,0.379,0.266,1,1.226966511,,,,
Prdm10,0.133728525,0.294448752,0.285,0.234,1,1.226416279,,,,
Gm36279,0.006854592,0.294054748,0.144,0.073,1,1.226081387,,,,
Ccnt1,0.024951974,0.294028785,0.425,0.344,1,1.226059323,,,,
Atp10b,0.019954735,0.293590164,0.489,0.417,1,1.225686622,,,,
Mef2d,0.009551924,0.293356199,0.635,0.528,1,1.225487865,,,,
Tmc4,0.001678158,0.293259571,0.331,0.206,1,1.225405788,,,,
Rabl6,0.003034663,0.293240994,0.345,0.239,1,1.225390009,,,,
Abr,0.211721499,0.293024235,0.758,0.775,1,1.225205913,,,,
Airn,0.065783081,0.292874046,0.482,0.408,1,1.225078372,,,,
Pak6,0.010248433,0.292785805,0.42,0.321,1,1.225003444,,,,
Sema4b,0.026516921,0.291920122,0.34,0.252,1,1.224268606,,,,
Wasf2,0.014513015,0.291263732,0.477,0.381,1,1.223711722,,,,
Gm15991,0.011337995,0.291164001,0.123,0.06,1,1.223627132,,,,
Cs,0.061023754,0.290890002,0.384,0.335,1,1.22339476,,,,
Pard3bos1,0.043136479,0.290591065,0.311,0.234,1,1.22314129,,,,
Zfp143,0.021249219,0.290562322,0.158,0.096,1,1.223116922,,,,
Atp6v0d1,0.013493378,0.290275994,0.603,0.514,1,1.222874197,,,,
Gm47167,0.005897764,0.290190076,0.306,0.202,1,1.222801372,,,,
Morf4l2,0.047687915,0.2900515,0.413,0.353,1,1.222683923,,,,
Adam10,0.030844387,0.289513364,0.539,0.477,1,1.222227938,,,,
Igsf5,0.025297995,0.288945866,0.868,0.849,1,1.221747257,,,,
Rab11fip5,0.028237788,0.288758478,0.338,0.261,1,1.221588578,,,,
Soat1,0.29430798,0.288451276,0.174,0.147,1,1.221328486,,,,
Ogdh,0.008669846,0.287416071,0.705,0.638,1,1.220452436,,,,
Kcnj1,0.001115453,0.287215965,0.495,0.353,1,1.220283167,,,,
Pik3c2a,0.002900295,0.286635214,0.92,0.881,1,1.219792046,,,,
Cars2,0.009453545,0.286518598,0.185,0.11,1,1.219693452,,,,
Fam91a1,0.006162956,0.286441107,0.5,0.413,1,1.219627941,,,,
Unc45a,0.012548202,0.285722274,0.217,0.138,1,1.219020404,,,,
Tcaf1,0.0099955,0.285264447,0.304,0.216,1,1.218633619,,,,
Ate1,0.005445872,0.284553874,0.242,0.151,1,1.218033552,,,,
Ccdc58,0.063064558,0.284219343,0.331,0.266,1,1.217751147,,,,
Klhl12,0.018360463,0.284149038,0.288,0.202,1,1.217691806,,,,
Paqr5,0.024667458,0.28401826,0.89,0.899,1,1.217581429,,,,
Slc9a8,0.000661028,0.28367843,0.265,0.142,1,1.217294659,,,,
Sh3glb1,0.023579562,0.283652739,0.422,0.349,1,1.217272982,,,,
Rlim,0.039824482,0.283537817,0.352,0.28,1,1.21717602,,,,
Gm13262,0.001529774,0.283354882,0.185,0.092,1,1.217021691,,,,
H3f3b,0.436574179,0.283261182,0.251,0.243,1,1.216942651,,,,
Cds1,0.031203314,0.283125511,0.557,0.495,1,1.216828215,,,,
Ptpn9,0.071858284,0.282718831,0.441,0.376,1,1.216485253,,,,
Rcan2,0.113539089,0.282597213,0.247,0.193,1,1.216382709,,,,
Hnrnph3,0.009752647,0.28236955,0.557,0.445,1,1.216190774,,,,
Cltc,0.014924458,0.282257448,0.596,0.518,1,1.216096275,,,,
Myo1e,0.152314289,0.28194765,0.744,0.702,1,1.215835164,,,,
Gpm6b,0.232650605,0.281570331,0.21,0.174,1,1.215517219,,,,
Ubl3,0.026389401,0.281385567,0.646,0.578,1,1.21536156,,,,
Sfxn5,0.083805729,0.280495202,0.489,0.427,1,1.214611726,,,,
Sgcd,0.340033997,0.279994573,0.326,0.317,1,1.214190317,,,,
Ahi1,0.061761652,0.279966308,0.436,0.376,1,1.214166529,,,,
Ago3,0.007517962,0.279928039,0.527,0.417,1,1.214134322,,,,
Rchy1,0.048927439,0.279131409,0.288,0.229,1,1.213464085,,,,
Gm29417,0.006578249,0.278864257,0.139,0.069,1,1.213239401,,,,
Gm20186,0.001023034,0.278587635,0.107,0.032,1,1.213006798,,,,
Gm35188,0.454472264,0.278484327,0.541,0.541,1,1.21291994,,,,
Eif2b4,0.000266085,0.277593862,0.155,0.055,1,1.212171529,,,,
Dlg1,0.000311735,0.277293621,0.952,0.917,1,1.211919288,,,,
Homer1,0.049389514,0.276330877,0.205,0.147,1,1.211110816,,,,
Camkk2,0.012044888,0.275930473,0.653,0.564,1,1.210774732,,,,
Frmpd4,1.11E-05,0.275410943,0.984,0.995,0.357280836,1.210338798,,,,
Gripap1,0.018044291,0.275254241,0.377,0.289,1,1.210207341,,,,
Hoxd3os1,0.017661039,0.275082378,0.466,0.381,1,1.210063182,,,,
Gm45025,0.18731986,0.27488489,0.153,0.119,1,1.20989755,,,,
Erc2,0.533246362,0.274720335,0.208,0.248,1,1.209759556,,,,
Lnx1,0.128980469,0.274105006,0.564,0.555,1,1.209243687,,,,
Gipc2,0.032957335,0.273750974,0.594,0.528,1,1.208946979,,,,
Gm36388,0.027472608,0.273533699,0.155,0.096,1,1.208764922,,,,
Pdk3,0.017695199,0.273362791,0.174,0.106,1,1.208621734,,,,
Twsg1,0.051499377,0.27300579,0.158,0.106,1,1.208322693,,,,
Copb1,0.001947577,0.272832171,0.511,0.385,1,1.208177288,,,,
Zswim8,0.004442999,0.272270228,0.253,0.156,1,1.207706784,,,,
Tpi1,0.018347468,0.2722119,0.16,0.096,1,1.207657956,,,,
1700084C06Rik,0.004572953,0.272061391,0.205,0.119,1,1.207531975,,,,
Gm44995,0.002772863,0.271496966,0.105,0.037,1,1.207059645,,,,
Tspan8,0.047854708,0.271470299,0.436,0.362,1,1.207037334,,,,
B830017H08Rik,0.038491503,0.270458547,0.158,0.101,1,1.206191143,,,,
Cgnl1,0.104621638,0.269746478,0.728,0.72,1,1.205595952,,,,
Ptp4a2,0.029465153,0.26821884,0.692,0.651,1,1.204320049,,,,
Gm11536,0.063301084,0.267730725,0.402,0.335,1,1.203912654,,,,
Tmem243,0.064447193,0.267478992,0.452,0.381,1,1.203702604,,,,
Actr10,0.08282248,0.267417012,0.235,0.179,1,1.203650892,,,,
Gm31763,0.001142733,0.267398311,0.162,0.069,1,1.203635289,,,,
Miga1,0.058693813,0.267169319,0.365,0.312,1,1.203444257,,,,
Hdac1,0.030220885,0.266841125,0.292,0.22,1,1.203170521,,,,
Gm15813,0.006085385,0.266771118,0.11,0.046,1,1.203112138,,,,
Myh9,0.014911066,0.266285106,0.669,0.606,1,1.202706905,,,,
Dennd4c,0.096159198,0.266284685,0.55,0.532,1,1.202706554,,,,
Scarf2,0.062285098,0.265498793,0.105,0.064,1,1.202051571,,,,
Purb,0.013065572,0.264582772,0.329,0.239,1,1.201288586,,,,
Usp36,0.025282664,0.264548707,0.203,0.133,1,1.201260221,,,,
Slc23a2,0.212751856,0.264151514,0.26,0.22,1,1.200929544,,,,
Rnf43,0.215393428,0.264016742,0.347,0.321,1,1.200817362,,,,
Wasf3,0.029057064,0.264002942,0.208,0.142,1,1.200805876,,,,
Junb,0.038013955,0.263731732,0.199,0.138,1,1.20058016,,,,
Ss18l1,0.021770626,0.263572618,0.233,0.156,1,1.200447756,,,,
Tmem65,0.17316218,0.262749129,0.432,0.39,1,1.199762737,,,,
Unc119b,0.013145235,0.262692123,0.221,0.147,1,1.199715331,,,,
Cdyl,0.012169604,0.261804685,0.315,0.225,1,1.198977583,,,,
Mecomos,0.203016835,0.261411477,0.244,0.197,1,1.198650845,,,,
Gpatch2l,0.005761836,0.261087332,0.244,0.151,1,1.198381562,,,,
Bcl7a,0.140015416,0.261084417,0.393,0.339,1,1.198379141,,,,
Zfp335os,0.005508107,0.261008265,0.116,0.05,1,1.198315886,,,,
Flot1,0.000181078,0.26078669,0.153,0.05,1,1.198131858,,,,
Tiam1,0.021487765,0.260435782,0.685,0.642,1,1.197840471,,,,
Ilf2,0.027430894,0.260382096,0.233,0.161,1,1.197795897,,,,
Pip4k2c,0.002071005,0.259830468,0.281,0.17,1,1.197337997,,,,
Top1,0.085011698,0.258380132,0.678,0.665,1,1.196134922,,,,
Kctd4,0.00339337,0.258367774,0.11,0.041,1,1.196124676,,,,
Agfg2,0.067613316,0.258329613,0.413,0.339,1,1.196093037,,,,
Srpk2,0.10318532,0.257009656,0.612,0.569,1,1.194999203,,,,
C130071C03Rik,0.078452385,0.256947603,0.292,0.229,1,1.194947805,,,,
Cd2ap,0.083792948,0.256809394,0.87,0.853,1,1.194833335,,,,
Arhgap8,0.086987847,0.256468014,0.342,0.28,1,1.19455064,,,,
Hoxb5os,0.012173864,0.255904153,0.34,0.248,1,1.194083854,,,,
Hspa9,0.004170515,0.255563456,0.361,0.257,1,1.193801901,,,,
Ankrd13a,0.02754403,0.255012543,0.235,0.161,1,1.193346118,,,,
Abraxas2,0.003278236,0.254935221,0.139,0.064,1,1.193282161,,,,
Polr3h,0.004603188,0.25477657,0.237,0.138,1,1.193150945,,,,
Gm15810,0.042658097,0.25473452,0.336,0.271,1,1.19311617,,,,
Lmo7,0.029721983,0.254707395,0.888,0.853,1,1.193093737,,,,
Lysmd4,0.064797124,0.25450254,0.356,0.284,1,1.192924337,,,,
Sgsm3,0.057350218,0.254293704,0.174,0.119,1,1.192751668,,,,
Fam76a,0.004333764,0.25418862,0.283,0.183,1,1.192664793,,,,
Stox2,0.027090387,0.25400288,0.952,0.922,1,1.192511253,,,,
Nav2,0.213454491,0.252695216,0.872,0.867,1,1.191430846,,,,
Med6,0.001429703,0.252631435,0.192,0.096,1,1.191378175,,,,
Flrt1,0.017192794,0.252524489,0.511,0.404,1,1.191289861,,,,
Maco1,0.175045722,0.252493575,0.34,0.294,1,1.191264335,,,,
Clk4,0.044845779,0.25138086,0.553,0.482,1,1.190345896,,,,
Phrf1,0.008627924,0.251086564,0.297,0.202,1,1.190103102,,,,
Nup98,0.018494192,0.250936758,0.532,0.468,1,1.189979531,,,,
Ppp4r2,0.022253795,0.250778703,0.575,0.509,1,1.18984917,,,,
Vti1b,0.041642677,0.25076301,0.304,0.239,1,1.189836227,,,,
Ctdspl,0.181007158,0.250640643,0.564,0.564,1,1.189735312,,,,
St14,0.081675582,0.250544044,0.45,0.408,1,1.189655652,,,,
Spata7,0.017374169,0.250464468,0.244,0.161,1,1.189590035,,,,
Chst8,0.057180822,0.25042633,0.121,0.073,1,1.189558589,,,,
Ubxn2b,0.002194363,-0.250003336,0.082,0.156,1,-1.189209865,,,,
F8,0.001644152,-0.25027933,0.043,0.106,1,-1.189437388,,,,
Ndufab1,1.36E-05,-0.250710419,0.13,0.266,0.438185642,-1.189792854,,,,
Rap1a,0.267479975,-0.250712948,0.436,0.477,1,-1.18979494,,,,
Map3k20,0.128233735,-0.250753481,0.235,0.275,1,-1.189828369,,,,
Terf1,0.030747683,-0.250798935,0.231,0.303,1,-1.189865856,,,,
Asph,0.002276639,-0.250921709,0.219,0.321,1,-1.189967119,,,,
Cacnb4,0.005868628,-0.250922012,0.514,0.638,1,-1.189967368,,,,
Exoc6b,0.004550277,-0.25108892,0.751,0.844,1,-1.190105046,,,,
Umad1,0.021111559,-0.251486124,0.388,0.463,1,-1.190432751,,,,
Slc9a7,0.046369457,-0.251765268,0.185,0.248,1,-1.190663108,,,,
Tbc1d2b,0.001378281,-0.251855269,0.048,0.115,1,-1.190737388,,,,
Ddx46,0.008189149,-0.252001065,0.329,0.417,1,-1.190857728,,,,
Myo10,8.74E-05,-0.252090625,0.514,0.661,1,-1.190931657,,,,
Dcun1d2,0.010024153,-0.252113657,0.126,0.197,1,-1.19095067,,,,
Srsf11,0.011963324,-0.252174846,0.658,0.716,1,-1.191001183,,,,
Herc3,0.000441888,-0.252409164,0.155,0.271,1,-1.191194638,,,,
Arid1b,0.018517716,-0.252422877,0.911,0.945,1,-1.191205959,,,,
Itsn1,0.090562285,-0.252426819,0.192,0.239,1,-1.191209215,,,,
Mcl1,0.000724949,-0.25301195,0.164,0.275,1,-1.191692445,,,,
Otud4,0.00119458,-0.253103571,0.299,0.413,1,-1.191768128,,,,
B2m,0.005295142,-0.253265379,0.064,0.124,1,-1.191901801,,,,
Arvcf,0.003777529,-0.253564562,0.057,0.119,1,-1.192149001,,,,
Zfyve1,0.064996178,-0.254039723,0.194,0.248,1,-1.192541707,,,,
Dhx36,0.121875797,-0.254086213,0.322,0.358,1,-1.192580137,,,,
Zfand5,0.096440574,-0.254094714,0.228,0.28,1,-1.192587164,,,,
Taok1,0.03956682,-0.254299221,0.573,0.619,1,-1.192756229,,,,
Smim5,0.00957988,-0.254448468,0.071,0.133,1,-1.192879627,,,,
Gm37494,0.110253015,-0.25445154,0.251,0.289,1,-1.192882167,,,,
Mkln1,0.005419123,-0.254662787,0.731,0.798,1,-1.193056847,,,,
Ninl,0.00911297,-0.254814164,0.546,0.628,1,-1.193182038,,,,
Rtf1,0.00446017,-0.255217132,0.263,0.358,1,-1.193515359,,,,
Sypl,0.000282661,-0.25564383,0.199,0.326,1,-1.193868411,,,,
Dnah7b,0.085026014,-0.255792545,0.272,0.326,1,-1.193991482,,,,
Abca1,0.00748913,-0.255925591,0.103,0.174,1,-1.194101598,,,,
Lrrc28,0.00016661,-0.25597606,0.084,0.183,1,-1.194143371,,,,
Col4a3,0.000308328,-0.255984982,0.559,0.734,1,-1.194150756,,,,
Ahr,0.024556447,-0.256009477,0.084,0.138,1,-1.194171032,,,,
Suds3,0.006034581,-0.256235064,0.132,0.211,1,-1.194357773,,,,
Fam20c,0.001053986,-0.25666579,0.05,0.119,1,-1.194714409,,,,
Mef2a,0.005931295,-0.256707177,0.644,0.729,1,-1.194748682,,,,
Dnajc3,0.004398205,-0.256777363,0.21,0.298,1,-1.194806808,,,,
Zfp871,0.002098153,-0.25720965,0.338,0.45,1,-1.195164872,,,,
Tsga10,0.062699173,-0.257331174,0.087,0.128,1,-1.19526555,,,,
Tial1,0.003967675,-0.257409063,0.231,0.326,1,-1.195330081,,,,
Efcab2,0.007988621,-0.257623819,0.068,0.128,1,-1.195508029,,,,
D430042O09Rik,0.047226028,-0.257822558,0.288,0.349,1,-1.195672728,,,,
1700086O06Rik,0.002210273,-0.25804173,0.057,0.124,1,-1.195854386,,,,
Senp7,0.019298531,-0.258140634,0.447,0.537,1,-1.195936371,,,,
Itch,0.034322346,-0.258306813,0.71,0.739,1,-1.196074135,,,,
Il1r1,0.004941222,-0.259279799,0.142,0.225,1,-1.196881066,,,,
Ndufa10,0.000411348,-0.259659099,0.146,0.257,1,-1.197195781,,,,
Got2,0.099240659,-0.259881253,0.174,0.216,1,-1.197380146,,,,
Hnrnpm,0.064394961,-0.259995535,0.514,0.537,1,-1.197474998,,,,
Mafg,0.00216891,-0.260024439,0.116,0.202,1,-1.19749899,,,,
Hnrnpll,0.24504222,-0.260172742,0.269,0.298,1,-1.197622094,,,,
Stx8,0.06853285,-0.260351205,0.523,0.55,1,-1.19777025,,,,
Mettl8,0.007519582,-0.260587508,0.059,0.115,1,-1.197966453,,,,
Cdc5l,0.016192435,-0.260708793,0.153,0.225,1,-1.198067168,,,,
Rapgef5,0.000479473,-0.260866894,0.068,0.151,1,-1.198198468,,,,
Cdkal1,0.02154732,-0.261393664,0.623,0.674,1,-1.198636045,,,,
Atad2b,0.007323645,-0.261420117,0.621,0.697,1,-1.198658023,,,,
Mtmr14,0.000304049,-0.261471971,0.059,0.142,1,-1.198701107,,,,
Fbxo11,0.02157572,-0.261490832,0.571,0.642,1,-1.198716778,,,,
Recql5,0.184578892,-0.261715557,0.276,0.307,1,-1.198903514,,,,
1810030O07Rik,0.00292787,-0.262028487,0.073,0.142,1,-1.199163592,,,,
Slk,0.086481701,-0.262098518,0.315,0.349,1,-1.199221803,,,,
Golga1,0.020868587,-0.262194496,0.203,0.271,1,-1.199301586,,,,
Gm47889,0.002515693,-0.262527052,0.098,0.179,1,-1.199578069,,,,
Msh2,0.013304507,-0.262777299,0.082,0.142,1,-1.199786164,,,,
Larp1b,0.001281331,-0.262780038,0.397,0.509,1,-1.199788441,,,,
Fam117b,0.000774218,-0.262808311,0.221,0.33,1,-1.199811954,,,,
Tbc1d2,0.0049522,-0.262999884,0.171,0.266,1,-1.199971286,,,,
Ttc28,0.045048581,-0.263214357,0.078,0.119,1,-1.200149689,,,,
Cdh3,0.003695267,-0.263313079,0.199,0.307,1,-1.200231817,,,,
Ralbp1,0.356405384,-0.263339001,0.256,0.28,1,-1.200253382,,,,
Fam20b,0.006419549,-0.263389263,0.363,0.454,1,-1.200295198,,,,
Tcf4,0.001524521,-0.263564444,0.564,0.693,1,-1.200440954,,,,
Tle4,0.000922903,-0.263733385,0.164,0.271,1,-1.200581535,,,,
Bcr,0.025101584,-0.263890748,0.203,0.271,1,-1.200712497,,,,
Ppp2r5e,0.000797263,-0.264148406,0.505,0.651,1,-1.200926957,,,,
Retreg1,0.011159275,-0.26419312,0.614,0.702,1,-1.200964178,,,,
Nedd9,0.032036998,-0.264256252,0.527,0.606,1,-1.201016733,,,,
Dram2,0.002316564,-0.264354792,0.155,0.243,1,-1.201098769,,,,
Snx13,0.212390374,-0.264549347,0.47,0.495,1,-1.201260754,,,,
Gm42937,0.011181838,-0.264961611,0.055,0.106,1,-1.201604075,,,,
Orc4,0.010231155,-0.265030456,0.292,0.381,1,-1.201661417,,,,
Tmem167,0.017644825,-0.265068692,0.132,0.197,1,-1.201693265,,,,
Mpp7,0.075388265,-0.265084708,0.849,0.872,1,-1.201706606,,,,
Gal3st1,0.052066342,-0.26560748,0.174,0.229,1,-1.202142133,,,,
Cobll1,0.000209905,-0.265743677,0.792,0.858,1,-1.202255626,,,,
D2hgdh,7.19E-06,-0.26589051,0.034,0.124,0.232012427,-1.202377994,,,,
Mtr,0.000233787,-0.265922589,0.05,0.128,1,-1.202404729,,,,
Aldh2,0.003138628,-0.266206606,0.089,0.165,1,-1.202641465,,,,
Ap1ar,0.019485038,-0.266258108,0.13,0.193,1,-1.202684398,,,,
Grk4,0.019123363,-0.266571108,0.103,0.161,1,-1.202945355,,,,
Myo6,0.002554838,-0.266732216,0.753,0.826,1,-1.203079697,,,,
Ocln,0.018272652,-0.266792241,0.103,0.161,1,-1.203129754,,,,
Fgfr1op2,0.129183585,-0.266866083,0.265,0.298,1,-1.203191335,,,,
Ptgfr,0.014921087,-0.266953202,0.253,0.335,1,-1.203263994,,,,
Zbtb5,1.87E-05,-0.267158973,0.03,0.11,0.60283175,-1.203435627,,,,
Flnb,0.034643399,-0.267610919,0.728,0.789,1,-1.203812681,,,,
N4bp2,0.032684169,-0.267873246,0.194,0.252,1,-1.204031591,,,,
Clybl,3.82E-05,-0.267937865,0.429,0.596,1,-1.204085522,,,,
Vps35l,0.087004979,-0.26798571,0.18,0.225,1,-1.204125454,,,,
Snx12,0.007171548,-0.268130363,0.155,0.243,1,-1.204246193,,,,
Thsd4,0.366295774,-0.268373212,0.429,0.445,1,-1.204448921,,,,
Clcn4,0.001083495,-0.268415109,0.062,0.133,1,-1.204483899,,,,
Diaph1,0.003862483,-0.268532341,0.484,0.573,1,-1.204581779,,,,
Wdr11,0.038100663,-0.268701995,0.169,0.225,1,-1.20472344,,,,
Supt3,0.012238135,-0.269026493,0.363,0.445,1,-1.204994442,,,,
Vav2,0.010304155,-0.269035962,0.103,0.17,1,-1.205002352,,,,
Fam168a,0.055694305,-0.269277036,0.459,0.482,1,-1.205203724,,,,
Snx9,0.062544266,-0.269340377,0.317,0.372,1,-1.205256639,,,,
Hnrnpdl,0.016118511,-0.269431894,0.263,0.349,1,-1.205333097,,,,
Hif1a,0.010987074,-0.269679069,0.518,0.596,1,-1.205539623,,,,
Heca,0.005548475,-0.269728617,0.178,0.257,1,-1.205581026,,,,
Snx25,0.008075114,-0.270307471,0.208,0.298,1,-1.20606484,,,,
Zfp516,0.133088619,-0.270441251,0.16,0.197,1,-1.206176683,,,,
Ctsb,1.85E-05,-0.270541386,0.064,0.17,0.598129384,-1.206260404,,,,
Fbxo8,0.012628871,-0.270578106,0.16,0.229,1,-1.206291106,,,,
Chd2,0.000799615,-0.270582818,0.721,0.839,1,-1.206295047,,,,
Fign,9.19E-06,-0.271033809,0.178,0.335,0.296405166,-1.206672197,,,,
Fbh1,0.012786096,-0.271298152,0.171,0.243,1,-1.206893314,,,,
Bicd1,0.000663321,-0.271687159,0.413,0.555,1,-1.207218784,,,,
Uvssa,0.064386284,-0.271903215,0.126,0.17,1,-1.207399589,,,,
Trappc13,0.005371882,-0.272001201,0.116,0.193,1,-1.207481597,,,,
Ndufa4,4.24E-06,-0.272626227,0.062,0.179,0.136938679,-1.208004833,,,,
Slmap,0.008923682,-0.274227648,0.484,0.583,1,-1.209346488,,,,
Nedd4,0.00216889,-0.27423208,0.687,0.775,1,-1.209350203,,,,
2900026A02Rik,0.007181732,-0.2745892,0.121,0.188,1,-1.209649599,,,,
Brpf3,0.00094026,-0.274773569,0.055,0.124,1,-1.209804196,,,,
Hnrnpul2,0.000430929,-0.274814168,0.178,0.294,1,-1.209838241,,,,
Phyhipl,0.000860021,-0.275046152,0.176,0.294,1,-1.210032798,,,,
Ccdc91,0.002731725,-0.275129669,0.128,0.211,1,-1.210102848,,,,
Ppp1r12a,0.048915946,-0.275490197,0.685,0.702,1,-1.210405289,,,,
Arhgef5,0.300965213,-0.275846203,0.263,0.271,1,-1.210704011,,,,
Camkmt,0.023997196,-0.276013159,0.372,0.459,1,-1.210844128,,,,
Cdk17,0.055119513,-0.276240464,0.253,0.312,1,-1.211034919,,,,
Fgf12,0.081002981,-0.276246952,0.169,0.225,1,-1.211040365,,,,
Sil1,0.061013026,-0.276345482,0.306,0.353,1,-1.211123076,,,,
Xrcc4,0.063204849,-0.276513141,0.356,0.408,1,-1.211263833,,,,
Mxi1,0.020696289,-0.276576024,0.169,0.239,1,-1.211316629,,,,
Tln2,0.013357387,-0.276708557,0.491,0.578,1,-1.211427912,,,,
Setd3,0.002742032,-0.276722685,0.233,0.33,1,-1.211439775,,,,
Cpq,0.006985605,-0.276850203,0.664,0.748,1,-1.211546857,,,,
Man1c1,0.001596947,-0.277019407,0.094,0.174,1,-1.21168896,,,,
Gse1,0.176950844,-0.277903922,0.26,0.289,1,-1.212432073,,,,
Frem2,0.010475316,-0.277990585,0.358,0.477,1,-1.212504906,,,,
Akap11,0.006729897,-0.277991481,0.297,0.394,1,-1.21250566,,,,
Azi2,0.008142837,-0.278063311,0.183,0.261,1,-1.21256603,,,,
Kcnk1,0.102997845,-0.278201586,0.187,0.229,1,-1.212682254,,,,
Thrb,0.033614427,-0.278256756,0.557,0.624,1,-1.212728629,,,,
Ipmk,0.00078375,-0.278373363,0.13,0.234,1,-1.212826653,,,,
Map2k4,0.022357372,-0.278634056,0.445,0.514,1,-1.213045828,,,,
Ppp3cc,0.000330082,-0.278933036,0.055,0.133,1,-1.213297243,,,,
Trip12,0.000393127,-0.279221525,0.71,0.876,1,-1.213539884,,,,
Tfcp2l1,0.000257778,-0.279308258,0.71,0.83,1,-1.213612843,,,,
Dpp8,0.01188845,-0.279456099,0.308,0.381,1,-1.213737215,,,,
Cr1l,0.026829219,-0.279487245,0.258,0.326,1,-1.213763418,,,,
BC034090,0.000201708,-0.280093091,0.224,0.353,1,-1.214273234,,,,
Golga3,0.244558456,-0.280105457,0.164,0.188,1,-1.214283642,,,,
Rnf111,0.002835946,-0.28023158,0.429,0.537,1,-1.214389801,,,,
Actn1,0.041831254,-0.280346901,0.253,0.317,1,-1.214486877,,,,
Zfp81,0.001309373,-0.280641148,0.059,0.128,1,-1.214734605,,,,
Mxd4,0.010411825,-0.281363196,0.276,0.358,1,-1.215342714,,,,
Dpf3,0.039645451,-0.281467847,0.075,0.119,1,-1.215430876,,,,
Arhgap18,0.001899582,-0.281599868,0.274,0.385,1,-1.215542106,,,,
Rbm26,0.04184979,-0.28160927,0.568,0.619,1,-1.215550027,,,,
Rtn3,0.003334659,-0.281657833,0.811,0.876,1,-1.215590945,,,,
Rida,1.90E-06,-0.282023227,0.025,0.115,0.061222675,-1.215898859,,,,
Dennd1a,0.000917457,-0.282074057,0.847,0.894,1,-1.215941699,,,,
1300002E11Rik,7.95E-05,-0.282114396,0.048,0.133,1,-1.215975698,,,,
Chtop,0.002816796,-0.283175762,0.13,0.206,1,-1.2168706,,,,
Kat14,0.029403654,-0.283478722,0.151,0.211,1,-1.217126164,,,,
Slc12a2,0.004358399,-0.28357983,0.098,0.17,1,-1.217211467,,,,
8030462N17Rik,0.010813085,-0.283866208,0.256,0.339,1,-1.21745311,,,,
Atp11c,0.053998042,-0.284006863,0.251,0.317,1,-1.217571811,,,,
Ptprg,0.000197038,-0.284028627,0.628,0.775,1,-1.217590179,,,,
Ubr5,0.00468823,-0.284240589,0.676,0.766,1,-1.217769081,,,,
Svil,0.011461204,-0.284278922,0.352,0.436,1,-1.217801438,,,,
Dnaja3,9.33E-05,-0.284814371,0.08,0.179,1,-1.218253503,,,,
Pkd2,0.001138018,-0.285063668,0.379,0.5,1,-1.218464035,,,,
Prxl2a,2.54E-05,-0.285518628,0.059,0.156,0.820737298,-1.218848343,,,,
Tpk1,0.008414267,-0.285877235,0.452,0.55,1,-1.219151347,,,,
Spire1,0.170339628,-0.286524378,0.199,0.225,1,-1.219698339,,,,
Nf2,0.003305963,-0.286529477,0.295,0.394,1,-1.21970265,,,,
Vgll4,0.001387041,-0.286632555,0.443,0.56,1,-1.219789799,,,,
Phf3,0.07632621,-0.286794687,0.438,0.477,1,-1.219926888,,,,
Acer2,0.001929522,-0.287045152,0.171,0.271,1,-1.220138696,,,,
Coro2a,0.007097764,-0.287260515,0.146,0.229,1,-1.220320851,,,,
Adgra3,3.01E-06,-0.287300905,0.064,0.179,0.097111677,-1.220355015,,,,
Cpne1,0.001800822,-0.288370789,0.299,0.404,1,-1.22126035,,,,
Pitpnm2,0.038303489,-0.288818489,0.146,0.206,1,-1.221639393,,,,
Stard7,0.0020964,-0.288944462,0.237,0.335,1,-1.221746068,,,,
Psma2,0.004394738,-0.289369104,0.084,0.151,1,-1.222105729,,,,
Pcf11,0.026331231,-0.289589076,0.379,0.45,1,-1.222292082,,,,
Dzip3,0.000133751,-0.289605859,0.11,0.22,1,-1.222306301,,,,
Dgkd,1.30E-05,-0.289644666,0.096,0.22,0.419159605,-1.22233918,,,,
Pikfyve,0.011774078,-0.28970374,0.301,0.39,1,-1.222389232,,,,
Urgcp,0.024899464,-0.289787884,0.21,0.28,1,-1.222460529,,,,
Pex7,0.156082762,-0.289975047,0.183,0.211,1,-1.222619131,,,,
Rassf3,5.72E-05,-0.290786499,0.08,0.183,1,-1.223306993,,,,
Gmps,0.180667665,-0.29097136,0.194,0.225,1,-1.223463753,,,,
Prpsap2,0.004236351,-0.291073863,0.114,0.188,1,-1.223550683,,,,
Evc2,0.000258349,-0.291443071,0.126,0.229,1,-1.223863849,,,,
Stard5,7.64E-05,-0.291649439,0.183,0.321,1,-1.224038927,,,,
Tnrc6b,0.000707554,-0.291869292,0.801,0.904,1,-1.224225473,,,,
Usp46,0.007371514,-0.292036203,0.178,0.257,1,-1.224367117,,,,
Fgd4,0.008997962,-0.292049552,0.612,0.674,1,-1.224378445,,,,
Mylk,0.055464846,-0.292207644,0.477,0.541,1,-1.224512621,,,,
Epha4,0.018024041,-0.292401454,0.135,0.206,1,-1.224677132,,,,
Cmpk1,0.001218871,-0.292657329,0.132,0.225,1,-1.224894359,,,,
Ncapd3,0.00249748,-0.292721807,0.123,0.206,1,-1.224949104,,,,
Foxo3,1.37E-05,-0.29285938,0.425,0.606,0.443240828,-1.225065918,,,,
Wdr26,0.008109065,-0.293464482,0.511,0.601,1,-1.225579849,,,,
Pabpn1,6.04E-05,-0.293597639,0.358,0.518,1,-1.225692972,,,,
Fam204a,0.003324106,-0.294355044,0.158,0.243,1,-1.226336622,,,,
Arhgap5,0.000439975,-0.294478009,0.664,0.789,1,-1.226441151,,,,
Arrdc3,0.000414427,-0.295417656,0.162,0.271,1,-1.227240208,,,,
Dicer1,0.01062723,-0.295539238,0.381,0.477,1,-1.227343637,,,,
Arntl,0.006246498,-0.295886455,0.091,0.161,1,-1.22763906,,,,
AW146154,0.001052724,-0.296361572,0.091,0.174,1,-1.228043421,,,,
Clstn1,0.027278075,-0.296730459,0.219,0.284,1,-1.228357463,,,,
Trim37,0.009542799,-0.296848566,0.114,0.179,1,-1.228458027,,,,
Acat1,0.000117693,-0.296891143,0.265,0.404,1,-1.228494282,,,,
Atp6v0e,0.002105369,-0.297483849,0.208,0.307,1,-1.228999091,,,,
Nlk,0.002477295,-0.297540749,0.74,0.858,1,-1.229047564,,,,
Hivep1,0.021784652,-0.297645197,0.132,0.193,1,-1.229136547,,,,
Clmn,0.001353637,-0.297693065,0.505,0.647,1,-1.229177331,,,,
Tom1l2,0.029255565,-0.29813002,0.58,0.619,1,-1.229549673,,,,
Pbx1,0.000422719,-0.298146567,0.829,0.908,1,-1.229563776,,,,
Herc2,0.002762191,-0.298201034,0.388,0.482,1,-1.229610197,,,,
Ptk2b,3.06E-06,-0.298500083,0.103,0.234,0.098879632,-1.229865103,,,,
Sh3d19,3.21E-06,-0.299576855,0.281,0.477,0.103662386,-1.230783369,,,,
Adss,0.00046629,-0.300037002,0.178,0.298,1,-1.23117599,,,,
ccdc198,1.77E-05,-0.300520249,0.276,0.454,0.571192831,-1.231588455,,,,
Vps54,0.007951559,-0.301515439,0.42,0.5,1,-1.232438314,,,,
Snrk,0.000733051,-0.301562782,0.201,0.312,1,-1.232478758,,,,
Nr1d2,0.005371967,-0.301759746,0.29,0.39,1,-1.232647034,,,,
Akap7,0.006753596,-0.301999875,0.119,0.193,1,-1.232852218,,,,
Yeats2,0.037672106,-0.302090622,0.263,0.321,1,-1.232929769,,,,
Ubtf,0.002325525,-0.302169795,0.167,0.257,1,-1.232997432,,,,
Sos1,0.03696943,-0.302221316,0.311,0.372,1,-1.233041465,,,,
Trio,0.003792196,-0.302262362,0.644,0.716,1,-1.233076547,,,,
Btbd3,0.000576638,-0.302939261,0.073,0.156,1,-1.23365523,,,,
Ccnd3,0.0001323,-0.304134888,0.242,0.372,1,-1.234678041,,,,
Tdrd3,0.004769343,-0.304267167,0.349,0.459,1,-1.234791252,,,,
Mllt3,0.002134589,-0.30437943,0.441,0.56,1,-1.234887341,,,,
Mb21d2,0.002453729,-0.304401621,0.137,0.22,1,-1.234906336,,,,
Lmbrd2,7.41E-05,-0.305471661,0.244,0.39,1,-1.235822599,,,,
Rdx,0.066275765,-0.30597749,0.301,0.349,1,-1.236255971,,,,
Diaph2,0.00308379,-0.306336055,0.74,0.858,1,-1.236563267,,,,
Sipa1l1,0.020745788,-0.306673895,0.438,0.5,1,-1.236852871,,,,
Vps41,0.016987311,-0.307132289,0.306,0.376,1,-1.237245924,,,,
Tln1,0.06413927,-0.307816459,0.224,0.275,1,-1.237832803,,,,
Mgll,0.001697973,-0.307835794,0.158,0.252,1,-1.237849392,,,,
Ppp3ca,0.000740328,-0.307887711,0.705,0.803,1,-1.237893938,,,,
Zmiz1,0.004920111,-0.307964241,0.619,0.679,1,-1.237959606,,,,
Itgb1,0.00449816,-0.308300149,0.324,0.408,1,-1.238247878,,,,
Plekha8,0.003822943,-0.30838551,0.1,0.174,1,-1.238321144,,,,
Vps37a,0.001233946,-0.308484656,0.253,0.367,1,-1.238406249,,,,
Rmnd1,0.002891018,-0.308791987,0.167,0.248,1,-1.238670089,,,,
Cnot7,0.00475307,-0.309676073,0.194,0.28,1,-1.239429381,,,,
Ttc14,0.005751579,-0.310156303,0.55,0.624,1,-1.239842019,,,,
Grk3,8.25E-06,-0.310442363,0.025,0.106,0.266293964,-1.240087881,,,,
Adgra1,0.017724197,-0.310531597,0.103,0.17,1,-1.240164585,,,,
Akr1a1,1.83E-06,-0.310659429,0.073,0.202,0.059108735,-1.240274476,,,,
Gm13075,0.003013082,-0.310675971,0.048,0.106,1,-1.240288698,,,,
Ncoa2,0.000563478,-0.311267109,0.721,0.821,1,-1.240797005,,,,
Dlc1,0.002617121,-0.311370891,0.185,0.275,1,-1.240886267,,,,
Cradd,0.001846948,-0.311465302,0.265,0.376,1,-1.240967473,,,,
Mlph,0.007448847,-0.311971157,0.116,0.188,1,-1.241402672,,,,
Tmem117,0.000575719,-0.3120278,0.957,0.972,1,-1.241451413,,,,
Syne1,0.019471006,-0.312781917,0.418,0.491,1,-1.242100507,,,,
Dars,0.001071051,-0.313025032,0.135,0.229,1,-1.242309837,,,,
Znrf3,0.000501814,-0.313055598,0.292,0.417,1,-1.242336158,,,,
Dek,0.00114933,-0.313991328,0.155,0.252,1,-1.243142196,,,,
Psmb1,0.030211176,-0.314142725,0.151,0.206,1,-1.243272659,,,,
Wls,3.61E-05,-0.314254122,0.655,0.812,1,-1.243368662,,,,
Agpat3,0.006587307,-0.314598072,0.274,0.349,1,-1.243665126,,,,
Smarcc1,0.003336698,-0.314910513,0.26,0.362,1,-1.243934492,,,,
Cav1,0.029102764,-0.315141916,0.144,0.206,1,-1.244134031,,,,
Gbe1,3.70E-05,-0.315198136,0.228,0.367,1,-1.244182514,,,,
St5,0.007560213,-0.315892932,0.128,0.197,1,-1.244781852,,,,
Tbc1d5,0.004468344,-0.316852851,0.651,0.757,1,-1.245610362,,,,
Arhgap29,0.006195707,-0.316920235,0.292,0.385,1,-1.245668542,,,,
Aco1,0.000499957,-0.31698638,0.139,0.243,1,-1.245725655,,,,
Dtnbp1,0.00479112,-0.317886938,0.272,0.349,1,-1.246503504,,,,
Tmed2,0.025518368,-0.318046301,0.16,0.22,1,-1.246641203,,,,
5031425E22Rik,0.000876586,-0.318182958,0.384,0.505,1,-1.246759294,,,,
Rbbp8,0.016859419,-0.318357567,0.336,0.413,1,-1.246910198,,,,
Pias2,0.000579212,-0.319400878,0.537,0.638,1,-1.24781225,,,,
Drosha,0.017544996,-0.319506233,0.153,0.22,1,-1.247903377,,,,
Purg,0.06211532,-0.319510132,0.11,0.156,1,-1.247906749,,,,
Calb1,1.21E-05,-0.319534572,0.205,0.381,0.391193366,-1.24792789,,,,
Gopc,0.004876643,-0.319921309,0.231,0.321,1,-1.248262461,,,,
Mdm4,0.000269003,-0.319982248,0.434,0.56,1,-1.248315189,,,,
Sav1,0.00135222,-0.320001118,0.084,0.161,1,-1.248331516,,,,
Nfyc,0.003960163,-0.320040278,0.683,0.752,1,-1.248365401,,,,
Zfyve16,0.023070477,-0.320104603,0.203,0.266,1,-1.248421062,,,,
Washc2,0.044173151,-0.320476053,0.221,0.266,1,-1.248742534,,,,
Abcc5,0.007519366,-0.321221117,0.219,0.298,1,-1.249387601,,,,
Slc25a3,2.09E-05,-0.321273315,0.242,0.413,0.675141997,-1.249432805,,,,
Zc3h12c,0.000247167,-0.32135854,0.176,0.298,1,-1.249506615,,,,
Kcne1,0.002736328,-0.321654057,0.064,0.133,1,-1.249762587,,,,
Mast4,0.001463666,-0.321744441,0.865,0.927,1,-1.249840886,,,,
Bmpr1b,0.00562511,-0.321953687,0.845,0.881,1,-1.250022174,,,,
Cep170,0.000329705,-0.322051081,0.064,0.147,1,-1.250106564,,,,
Invs,0.00035125,-0.322530797,0.135,0.239,1,-1.250522311,,,,
Gne,8.37E-05,-0.323083781,0.046,0.128,1,-1.251001727,,,,
Hs6st1,0.005682517,-0.323186269,0.189,0.275,1,-1.2510906,,,,
Atp2b2,0.069222073,-0.323746345,0.251,0.307,1,-1.251576387,,,,
Rmnd5a,0.013527931,-0.324043282,0.231,0.307,1,-1.251834014,,,,
Peak1,0.001269393,-0.325047769,0.352,0.459,1,-1.252705916,,,,
Dock4,1.81E-05,-0.325493409,0.265,0.431,0.583469481,-1.25309293,,,,
Limch1,0.000425982,-0.325862893,0.5,0.619,1,-1.253413896,,,,
Sp3,0.022668238,-0.326278301,0.269,0.339,1,-1.253774855,,,,
Mvb12b,0.000776027,-0.326463217,0.151,0.252,1,-1.253935566,,,,
Prkg1,0.00043277,-0.326884629,0.164,0.275,1,-1.254301895,,,,
Arhgef4,0.010762432,-0.326984136,0.224,0.307,1,-1.254388412,,,,
Plxna4,0.161441818,-0.327039268,0.18,0.216,1,-1.254436348,,,,
Myo3b,0.151087875,-0.327075288,0.466,0.491,1,-1.254467668,,,,
Tet3,0.002904495,-0.328199807,0.306,0.408,1,-1.255445853,,,,
Pten,0.009515033,-0.328368518,0.523,0.573,1,-1.255592675,,,,
Cplane1,0.005787931,-0.328373534,0.281,0.385,1,-1.255597041,,,,
2210408I21Rik,0.009626626,-0.328799039,0.429,0.523,1,-1.255967418,,,,
Nbr1,9.43E-05,-0.329567202,0.189,0.317,1,-1.256636336,,,,
Acbd5,0.000702027,-0.329714222,0.26,0.381,1,-1.256764402,,,,
Snx2,0.000792181,-0.329899545,0.258,0.376,1,-1.256925852,,,,
Chordc1,3.34E-05,-0.329929057,0.201,0.339,1,-1.256951563,,,,
Cdc37l1,0.000836622,-0.330197505,0.402,0.537,1,-1.257185472,,,,
Dcun1d3,3.48E-06,-0.330478384,0.151,0.303,0.112200445,-1.257430258,,,,
Efemp1,0.004945053,-0.330928668,0.174,0.266,1,-1.257822779,,,,
Maml2,0.000962623,-0.330970825,0.68,0.789,1,-1.257859534,,,,
Frk,0.006104654,-0.330995554,0.591,0.67,1,-1.257881095,,,,
Abca3,0.001819099,-0.331150977,0.409,0.505,1,-1.258016616,,,,
Akr1b3,1.89E-05,-0.33262336,0.098,0.22,0.608938998,-1.259301175,,,,
Epc2,0.004153157,-0.333178629,0.336,0.431,1,-1.259785952,,,,
Rnf14,0.003058559,-0.333565924,0.208,0.298,1,-1.26012419,,,,
Asxl1,0.00573507,-0.333759441,0.432,0.528,1,-1.260293229,,,,
Cep162,0.002011084,-0.334042305,0.158,0.252,1,-1.260540354,,,,
Acbd6,0.007632934,-0.334111502,0.247,0.335,1,-1.260600817,,,,
Gsr,0.006278632,-0.33424905,0.192,0.271,1,-1.260721009,,,,
Lrrfip1,0.014167985,-0.334269372,0.484,0.546,1,-1.260738768,,,,
Snx5,0.000403275,-0.334716583,0.167,0.266,1,-1.261129636,,,,
Ypel2,0.000574259,-0.335961774,0.644,0.789,1,-1.262218587,,,,
Atl3,0.003966346,-0.336864382,0.219,0.298,1,-1.263008529,,,,
Dmac2,0.013396691,-0.336943099,0.121,0.183,1,-1.263077444,,,,
Crebbp,0.001495132,-0.337277017,0.719,0.789,1,-1.263369823,,,,
4833420G17Rik,2.25E-05,-0.337492527,0.078,0.183,0.726757476,-1.263558559,,,,
St3gal6,0.003932024,-0.33755896,0.279,0.372,1,-1.263616744,,,,
Wbp1l,0.000998175,-0.337671036,0.258,0.353,1,-1.263714912,,,,
Larp4b,0.002351822,-0.337770264,0.55,0.651,1,-1.263801833,,,,
Rpgrip1l,0.01156339,-0.338027283,0.107,0.17,1,-1.264027002,,,,
Shroom4,1.71E-05,-0.338345784,0.744,0.876,0.551348704,-1.26430609,,,,
Bckdha,0.000266674,-0.33885557,0.091,0.188,1,-1.26475292,,,,
Lcorl,0.000233911,-0.339271737,0.422,0.578,1,-1.26511781,,,,
Xrn2,0.034871284,-0.339455227,0.486,0.523,1,-1.265278724,,,,
Arl6ip1,1.66E-06,-0.33955152,0.169,0.33,0.053405202,-1.265363179,,,,
Prpf38b,3.49E-05,-0.339759676,0.333,0.477,1,-1.265545762,,,,
Klhdc7a,0.000899397,-0.339832455,0.075,0.156,1,-1.265609606,,,,
Fam120a,0.018540592,-0.340201943,0.388,0.45,1,-1.265933782,,,,
Shprh,0.001387343,-0.340614633,0.199,0.303,1,-1.266295961,,,,
Tmem87b,0.002408031,-0.340766761,0.183,0.271,1,-1.266429495,,,,
Uqcrc2,0.001557361,-0.341570245,0.299,0.394,1,-1.267135007,,,,
Sestd1,9.52E-05,-0.343333796,0.721,0.844,1,-1.268684901,,,,
Slc16a7,1.70E-05,-0.343397422,0.324,0.482,0.548839707,-1.268740854,,,,
Fam110b,0.002532309,-0.343413704,0.562,0.647,1,-1.268755173,,,,
Aebp2,0.00209281,-0.343609395,0.311,0.417,1,-1.268927282,,,,
Cobl,0.013008464,-0.343804892,0.395,0.463,1,-1.269099243,,,,
Srgap2,1.75E-05,-0.344948343,0.349,0.509,0.564534076,-1.270105505,,,,
Rab3gap1,0.001647145,-0.346690152,0.39,0.495,1,-1.271639867,,,,
Deptor,0.001312821,-0.347831068,0.26,0.372,1,-1.272645907,,,,
Ikzf2,0.001764671,-0.347986751,0.281,0.399,1,-1.272783246,,,,
Lrrc1,0.001090839,-0.348510958,0.256,0.367,1,-1.2732458,,,,
Pign,0.03603098,-0.348548335,0.221,0.289,1,-1.273278787,,,,
Xylt1,0.001009603,-0.348742765,0.217,0.321,1,-1.273450396,,,,
Rin2,0.001635725,-0.34917367,0.438,0.555,1,-1.273830808,,,,
Ankrd44,0.000106557,-0.349176221,0.368,0.509,1,-1.273833061,,,,
Sdccag8,0.008982866,-0.349619269,0.4,0.472,1,-1.274224311,,,,
Tmem116,3.73E-06,-0.349710158,0.116,0.257,0.120222203,-1.27430459,,,,
Mccc2,0.000107282,-0.349818488,0.116,0.225,1,-1.274400279,,,,
Phf8,0.007003002,-0.350589609,0.21,0.298,1,-1.275081628,,,,
Ncoa3,0.000437249,-0.351036589,0.372,0.486,1,-1.27547674,,,,
Kat2b,0.002307631,-0.351263708,0.358,0.477,1,-1.27567755,,,,
Ccdc82,0.000925859,-0.351819868,0.183,0.284,1,-1.276169419,,,,
Snrnp70,0.000523603,-0.352714619,0.61,0.716,1,-1.276961137,,,,
Uri1,0.001044412,-0.353248539,0.317,0.431,1,-1.277433809,,,,
Exoc2,0.002941504,-0.353322676,0.258,0.353,1,-1.277499455,,,,
Rims2,4.68E-05,-0.35348753,0.05,0.138,1,-1.277645441,,,,
Cadm1,0.000106837,-0.353824247,0.071,0.165,1,-1.277943672,,,,
Smg7,0.004830424,-0.353966009,0.338,0.422,1,-1.278069251,,,,
Smad3,0.007464707,-0.354014883,0.215,0.298,1,-1.278112548,,,,
Med12l,2.20E-05,-0.35417643,0.03,0.11,0.708550698,-1.278255674,,,,
Cemip2,0.002956806,-0.354512965,0.1,0.17,1,-1.278553885,,,,
Rcor3,0.006364542,-0.354981563,0.21,0.289,1,-1.278969236,,,,
Slco3a1,0.000145488,-0.355123674,0.546,0.683,1,-1.279095226,,,,
Ptk2,0.000151908,-0.355246737,0.612,0.739,1,-1.279204339,,,,
Zfp704,0.000739747,-0.355814681,0.395,0.495,1,-1.279708021,,,,
Dera,0.000251787,-0.355820738,0.123,0.225,1,-1.279713393,,,,
Patl1,0.027605941,-0.357178613,0.135,0.188,1,-1.280918435,,,,
Fry,0.000393732,-0.35733025,0.502,0.638,1,-1.281053076,,,,
Ilrun,0.005859722,-0.357373777,0.274,0.353,1,-1.281091726,,,,
Peli2,0.000356041,-0.357975059,0.719,0.798,1,-1.281625767,,,,
Acss3,0.002913114,-0.358214213,0.135,0.22,1,-1.281838239,,,,
Emx2os,0.000381144,-0.358585718,0.301,0.427,1,-1.282168365,,,,
Fmnl2,0.00331822,-0.358863045,0.644,0.706,1,-1.282414857,,,,
Atf7ip,0.003407081,-0.359481281,0.306,0.394,1,-1.282964526,,,,
Tex2,0.006923495,-0.359654986,0.148,0.225,1,-1.283119008,,,,
Prpf4b,0.004774422,-0.360137162,0.646,0.679,1,-1.283547923,,,,
Plekhg1,0.000402488,-0.360387067,0.158,0.266,1,-1.28377028,,,,
Tax1bp1,2.55E-05,-0.3606232,0.491,0.647,0.823883995,-1.283980418,,,,
Fhod3,6.03E-05,-0.360870793,0.829,0.899,1,-1.284200791,,,,
Rreb1,0.000103869,-0.361092579,0.345,0.486,1,-1.284398228,,,,
Zfand6,0.000421915,-0.361103601,0.53,0.647,1,-1.28440804,,,,
Vps13b,0.000338526,-0.361342075,0.737,0.812,1,-1.284620367,,,,
Camta1,0.001753875,-0.363122594,0.345,0.454,1,-1.286206775,,,,
Bcat1,0.056035096,-0.363349234,0.379,0.431,1,-1.286408848,,,,
Dhx15,0.000291521,-0.363644086,0.272,0.394,1,-1.286671785,,,,
Bicral,0.00364931,-0.364026578,0.377,0.454,1,-1.287012957,,,,
Zfp318,0.000798246,-0.364556761,0.132,0.225,1,-1.287486015,,,,
Fat1,0.001658085,-0.365603811,0.199,0.294,1,-1.288420759,,,,
Agps,0.000369473,-0.366107722,0.285,0.422,1,-1.288870863,,,,
Rere,1.36E-05,-0.366300782,0.877,0.931,0.438070236,-1.289043351,,,,
Rabgap1l,0.000329145,-0.366914879,0.61,0.734,1,-1.289592161,,,,
Pik3ca,0.002685957,-0.367190828,0.297,0.404,1,-1.289838849,,,,
Ccser2,0.00710274,-0.367507327,0.221,0.298,1,-1.290121845,,,,
Fancc,0.03693397,-0.368047072,0.276,0.33,1,-1.2906046,,,,
Hsp90ab1,0.001159708,-0.368231542,0.322,0.436,1,-1.290769633,,,,
Hp1bp3,0.000897431,-0.368374274,0.258,0.358,1,-1.290897341,,,,
Rbm33,0.007551104,-0.369199313,0.363,0.431,1,-1.291635781,,,,
Ube2b,0.000103774,-0.369827237,0.406,0.541,1,-1.29219808,,,,
Slc27a1,0.003743754,-0.369915274,0.119,0.193,1,-1.292276936,,,,
Sema5a,9.19E-06,-0.370318819,0.626,0.789,0.296505722,-1.292638457,,,,
E2f3,0.003236506,-0.370609645,0.137,0.22,1,-1.29289906,,,,
Tcf7l2,0.006479411,-0.371117371,0.507,0.573,1,-1.293354149,,,,
Mpp5,0.004471666,-0.371735722,0.489,0.569,1,-1.29390861,,,,
Sgms1,4.34E-06,-0.372800627,0.402,0.583,0.140096205,-1.294864043,,,,
Nbea,8.14E-05,-0.373027755,0.774,0.862,1,-1.295067914,,,,
St3gal3,0.001994591,-0.373167936,0.308,0.394,1,-1.295193756,,,,
Rnf20,0.00250176,-0.37414471,0.151,0.239,1,-1.296070961,,,,
Qk,0.00302547,-0.374595429,0.575,0.647,1,-1.296475937,,,,
Trpm6,0.000174896,-0.374877472,0.096,0.193,1,-1.296729419,,,,
Rfx3,0.000313579,-0.377235637,0.37,0.509,1,-1.298850728,,,,
Mbd5,8.23E-05,-0.378163054,0.756,0.817,1,-1.299685945,,,,
Ppm1b,0.000837717,-0.378548963,0.324,0.431,1,-1.300033647,,,,
Kmt2a,0.006175149,-0.379131691,0.537,0.596,1,-1.300558858,,,,
Cyp7b1,2.09E-06,-0.380213264,0.518,0.693,0.067285767,-1.301534238,,,,
Galnt1,0.002578366,-0.380636065,0.281,0.381,1,-1.301915726,,,,
Kmt2d,2.16E-05,-0.383609788,0.146,0.271,0.697687927,-1.304602038,,,,
Mthfd1,1.32E-05,-0.383634766,0.084,0.197,0.425637532,-1.304624626,,,,
Pik3r1,2.96E-05,-0.384227692,0.247,0.394,0.956099416,-1.305160917,,,,
Atp6v1e1,0.000316115,-0.384263253,0.169,0.28,1,-1.305193089,,,,
Bbs9,2.49E-05,-0.384458722,0.395,0.55,0.803268427,-1.305369939,,,,
Cytip,3.58E-05,-0.385006345,0.046,0.133,1,-1.30586553,,,,
Ranbp9,0.000651044,-0.386139533,0.39,0.486,1,-1.306891646,,,,
Yes1,0.000913551,-0.386444281,0.237,0.339,1,-1.307167737,,,,
Pdlim5,7.36E-05,-0.387968394,0.461,0.573,1,-1.308549404,,,,
Ngly1,5.66E-05,-0.389348629,0.18,0.307,1,-1.3098019,,,,
Numa1,4.75E-05,-0.390561774,0.226,0.353,1,-1.31090376,,,,
Zranb3,0.000700972,-0.391085551,0.046,0.115,1,-1.311379776,,,,
Upp2,6.88E-06,-0.391585038,0.148,0.294,0.222031292,-1.311833878,,,,
St7l,0.005697695,-0.392147718,0.292,0.372,1,-1.312345619,,,,
Spns2,0.007472073,-0.39283539,0.164,0.243,1,-1.312971308,,,,
Slain2,0.003018656,-0.393406133,0.201,0.28,1,-1.313490834,,,,
Rasgrf2,0.001939824,-0.394097732,0.468,0.578,1,-1.314120646,,,,
2610035D17Rik,0.060711834,-0.394099088,0.212,0.257,1,-1.314121881,,,,
Nr3c1,5.38E-06,-0.396046651,0.142,0.28,0.173644044,-1.315897075,,,,
Osbpl6,1.76E-06,-0.396889016,0.11,0.257,0.05691072,-1.316665629,,,,
Akt3,0.000278176,-0.399595381,0.105,0.202,1,-1.319137893,,,,
Hectd1,0.000213581,-0.400396222,0.712,0.775,1,-1.319870351,,,,
Tmem52b,7.52E-05,-0.401356532,0.098,0.206,1,-1.320749196,,,,
Tox3,0.001189162,-0.401558264,0.479,0.587,1,-1.320933889,,,,
Clk1,3.10E-06,-0.401582751,0.55,0.711,0.099969556,-1.32095631,,,,
Itgav,4.13E-05,-0.4016476,0.429,0.56,1,-1.321015688,,,,
Megf9,0.00128098,-0.403388704,0.447,0.564,1,-1.322610907,,,,
Gm11906,0.001121502,-0.40376019,0.11,0.197,1,-1.322951516,,,,
Gm32569,1.52E-05,-0.405175334,0.24,0.39,0.490336244,-1.32424984,,,,
Asap2,0.000537836,-0.406104976,0.18,0.284,1,-1.325103433,,,,
Ngef,0.000531848,-0.40753315,0.203,0.312,1,-1.326415849,,,,
Exoc6,0.007201578,-0.407856946,0.308,0.399,1,-1.326713581,,,,
Dennd5b,4.35E-06,-0.408718953,0.247,0.413,0.140226133,-1.327506526,,,,
Sdk1,0.000318183,-0.409609278,0.587,0.697,1,-1.328326018,,,,
Mbtd1,2.30E-05,-0.412576939,0.436,0.583,0.74272472,-1.33106123,,,,
Dach1,4.44E-05,-0.412700223,0.774,0.89,1,-1.33117498,,,,
Ahnak,5.84E-05,-0.413944222,0.356,0.509,1,-1.332323313,,,,
Wdr41,0.001684067,-0.415476056,0.208,0.303,1,-1.333738708,,,,
Hipk1,0.001044329,-0.417851969,0.374,0.472,1,-1.335936995,,,,
Crim1,6.56E-06,-0.418318215,0.347,0.505,0.21166413,-1.336368809,,,,
Rps24,3.67E-05,-0.418775451,0.053,0.147,1,-1.336792414,,,,
Mitf,6.77E-05,-0.419003387,0.489,0.615,1,-1.337003634,,,,
Rnf146,0.000841879,-0.419743816,0.13,0.22,1,-1.337689996,,,,
Il15,0.000134956,-0.421500792,0.199,0.321,1,-1.339320084,,,,
Aopep,1.63E-06,-0.421955126,0.744,0.858,0.052599561,-1.33974193,,,,
Myh10,0.000241285,-0.422540896,0.505,0.615,1,-1.340286009,,,,
Pnpla8,1.90E-05,-0.42316419,0.301,0.463,0.611943928,-1.340865184,,,,
Dcdc2a,0.026369432,-0.4248596,0.158,0.225,1,-1.342441853,,,,
Wwp1,0.000200358,-0.426355494,0.534,0.67,1,-1.343834519,,,,
Agrn,2.38E-06,-0.429333829,0.103,0.229,0.076742399,-1.346611629,,,,
Prdm2,8.62E-05,-0.430133788,0.354,0.468,1,-1.347358518,,,,
Cadm2,0.002439355,-0.4304272,0.281,0.394,1,-1.347632569,,,,
Abi1,0.000158107,-0.434477783,0.516,0.61,1,-1.351421566,,,,
Mia2,1.58E-05,-0.434924223,0.377,0.532,0.510836565,-1.351839827,,,,
Atp6v1a,0.000162737,-0.437377647,0.416,0.555,1,-1.354140699,,,,
Nsmce2,0.000384527,-0.437443616,0.582,0.665,1,-1.35420262,,,,
Acvr1,0.000260225,-0.43813061,0.153,0.257,1,-1.354847629,,,,
Stc1,0.000100654,-0.440233248,0.05,0.138,1,-1.356823674,,,,
Zfp618,0.00082742,-0.440794325,0.457,0.546,1,-1.357351458,,,,
Tsc22d2,8.42E-05,-0.441150984,0.365,0.509,1,-1.35768706,,,,
Mir99ahg,3.81E-06,-0.442220891,0.744,0.872,0.122851495,-1.358694299,,,,
Srek1,3.39E-05,-0.443316735,0.667,0.775,1,-1.359726729,,,,
Birc3,0.001628726,-0.443940991,0.201,0.294,1,-1.360315212,,,,
Nadk2,0.010721374,-0.444258878,0.26,0.344,1,-1.36061498,,,,
Suclg2,0.000141581,-0.444790406,0.361,0.505,1,-1.36111636,,,,
Bcl2,0.002530571,-0.446754345,0.498,0.592,1,-1.362970508,,,,
Uhrf2,7.82E-05,-0.448424613,0.205,0.326,1,-1.364549389,,,,
Prpf39,0.000179104,-0.451387845,0.374,0.486,1,-1.367354994,,,,
Ssbp2,2.95E-05,-0.45705978,0.308,0.463,0.950875678,-1.372741312,,,,
Gulp1,5.13E-05,-0.462821812,0.521,0.638,1,-1.378234916,,,,
Rap1gap2,4.36E-05,-0.46471966,0.146,0.271,1,-1.380049161,,,,
Naa16,0.000377922,-0.464737769,0.187,0.298,1,-1.380066483,,,,
Epb41l5,1.74E-06,-0.469129924,0.4,0.569,0.056050652,-1.384274373,,,,
Trim7,1.59E-06,-0.470570442,0.087,0.22,0.051247222,-1.385657249,,,,
Gm19951,0.000181212,-0.472171326,0.436,0.578,1,-1.387195695,,,,
Mfsd6,5.99E-06,-0.473461868,0.21,0.376,0.193182575,-1.388437146,,,,
Wdfy2,0.000602953,-0.474426499,0.201,0.303,1,-1.389365808,,,,
Myzap,3.17E-05,-0.482125079,0.226,0.372,1,-1.396799628,,,,
Mier1,3.99E-06,-0.48400702,0.404,0.56,0.128793379,-1.398622889,,,,
Ipcef1,1.96E-05,-0.485563605,0.47,0.624,0.632856681,-1.400132736,,,,
Macrod2,0.000374323,-0.485874709,0.317,0.45,1,-1.400434695,,,,
Arhgap6,3.67E-05,-0.48715736,0.689,0.78,1,-1.401680328,,,,
Nectin3,0.001347713,-0.487832526,0.434,0.523,1,-1.402336453,,,,
Prickle1,3.38E-05,-0.492202157,0.192,0.335,1,-1.406590284,,,,
Nmnat3,1.72E-05,-0.500311607,0.11,0.225,0.556359814,-1.414519051,,,,
Tspan18,1.85E-05,-0.505317819,0.132,0.266,0.595961423,-1.419436017,,,,
Apbb2,0.012193002,-0.50601646,0.425,0.486,1,-1.420123561,,,,
Cspp1,2.13E-05,-0.507597169,0.498,0.633,0.686103324,-1.421680392,,,,
Akap13,9.13E-06,-0.508217448,0.395,0.555,0.294533344,-1.422291767,,,,
9530026P05Rik,0.000550993,-0.508443515,0.484,0.601,1,-1.422514654,,,,
Spock3,0.029711476,-0.508614308,0.162,0.225,1,-1.422683068,,,,
Npnt,9.16E-06,-0.518274882,0.788,0.853,0.295653456,-1.432241605,,,,
Dusp11,2.16E-05,-0.522551599,0.292,0.427,0.698321008,-1.436493634,,,,
Plppr1,0.009540598,-0.549277709,0.292,0.367,1,-1.463352879,,,,
Alcam,0.000531642,-0.556475914,0.26,0.376,1,-1.4706724,,,,
Slc14a2,0.00039924,-0.578407527,0.087,0.183,1,-1.493200117,,,,
Eif4g2,4.12E-06,-0.593748133,0.299,0.472,0.132849981,-1.509162475,,,,
Thsd7a,4.65E-06,-0.600202889,0.043,0.142,0.149938076,-1.515929739,,,,
Lyst,1.18E-05,-0.662477039,0.422,0.555,0.381876297,-1.582797881,,,,
Tbck,2.31E-06,-0.690853793,0.68,0.817,0.074518829,-1.614238549,,,,
